article_id	label	split	stratum
q7uftz2uqvf1s0kfy6f8p401k	可看	holdout	2026-10-02-holdout
xjjfa4beis7c6xms2qki8vno0	可看	holdout	2026-10-02-holdout
sr1w7s8zfp7gjvqa84n1gc4ws	可看	holdout	2026-10-02-holdout
got686rwd9yhucwdlvvilbhso	可看	holdout	2026-10-02-holdout
a7b28qj897nae07ntl6bjh3mu	不看	holdout	2026-10-02-holdout
ad4scfpmwijilr1o5vb3emosd	可看	holdout	2026-10-02-holdout
z5n4nzb72ltu0jlfpwehdt2vz	不看	holdout	2026-10-02-holdout
a92vhkzb59q2pthj0h66t27mn	可看	holdout	2026-10-02-holdout
j6g16n691wacsz8op02lmw3rs	不看	holdout	2026-10-02-holdout
okdtrwsqwfuqc4766wou53993	可看	holdout	2026-10-02-holdout
vhs021nj5b2vj03qwae5ihgje	不看	holdout	2026-10-02-holdout
ff15acp78uqir9wsgrxmxysmt	不看	holdout	2026-10-02-holdout
u72xhuusk37m35fsehzt0aaku	可看	holdout	2026-10-02-holdout
l60aojhqi8u2lmbkvji2vgwo2	不看	holdout	2026-10-02-holdout
hyb7hs6fhcvyzporg26acxo77	可看	holdout	2026-10-02-holdout
br9gmp06igv7omc90ugg62zdv	不看	holdout	2026-10-02-holdout
qv2iih0jm68l766z55fuu59f5	不看	holdout	2026-10-02-holdout
d8pbthvbc679cii9rmid5wicq	可看	holdout	2026-10-02-holdout
b7i8vilbl8kxx5qfhlzgx3grb	可看	holdout	2026-10-02-holdout
i4axnksctu0yrzqngepgh6bl8	不看	holdout	2026-10-02-holdout
imudwkb5h4tqf2hsd63nojl8e	不看	holdout	2026-10-02-holdout
rufpntuywq5mybaxesuv3w4i9	不看	holdout	2026-10-02-holdout
n6cuwgtulh7hxyvvlm00sjbnz	可看	holdout	2026-10-02-holdout
upa1zhjnwe11pmwrt1xr17b7q	可看	holdout	2026-10-02-holdout
lfa0jbfyejg952zektvq636k4	可看	holdout	2026-10-02-holdout
th1jn030oxcvjqtopqje8ult7	不看	holdout	2026-10-02-holdout
upy6spzzqciyxuy08wtr4mz54	不看	holdout	2026-10-02-holdout
kmrlf4mbjtkv9jl4m2fbfon68	不看	holdout	2026-10-02-holdout
o9r9dk0ou2exoj48qrfh3qlj7	不看	holdout	2026-10-02-holdout
th5tkq0kxvlog9vmhvpcob0jq	不看	holdout	2026-10-02-holdout
ovb6h50ei4m92a4vgfnrejuy6	不看	holdout	2026-10-02-holdout
m8wog92nz7mvodfor91midzw5	不看	holdout	2026-10-02-holdout
fp7lktkbs3nel24wcmaa026sk	可看	holdout	2026-10-02-holdout
ahqs83motpv5hgqx974rqcbap	可看	holdout	2026-10-02-holdout
zj5o71yarj6lo03b8w4awg113	可看	holdout	2026-10-02-holdout
bp2vqqts3n2r2evkfey10twbz	可看	holdout	2026-10-02-holdout
krojzdm202df1d8s49qiqinx4	不看	holdout	2026-10-02-holdout
m6gtn60jxzt94nhlz3sz7j2u1	不看	holdout	2026-10-02-holdout
gimavdfshtzhdunkjj70qs277	不看	holdout	2026-10-02-holdout
bhmxpop3axuslh7musilp78ew	不看	holdout	2026-10-02-holdout
rcuwg3xxhjau7oafbachhpm0s	可看	development	2026-10-02-dev
sdw1xyhl5wsmjzzzc82xsndpi	必看	development	2026-10-02-dev
fhm1bouzzls37oa1pbvwilz9w	可看	development	2026-10-02-dev
c3d5pqonz8uiaqk1fa5g5qems	可看	development	2026-10-02-dev
kasyzckr0mc11gxhhlw9e6vkv	可看	development	2026-10-02-dev
p5titl4j945pikw1y3uu2gzkp	可看	development	2026-10-02-dev
ux5fqy2qdr9u0vqilpar7qws4	可看	development	2026-10-02-dev
ojq36seaacs0y48chn4q1p4tt	可看	development	2026-10-02-dev
y34gvxh7coyl8u7wihek3vsy0	可看	development	2026-10-02-dev
yjst88mwgzpkhs8565h8cy4m8	可看	development	2026-10-02-dev
ansrdss4ualdlnf5kp2diif32	可看	development	2026-10-02-dev
rhlu71lp7tlyswzxivsovpdk7	不看	development	2026-10-02-dev
s56vvenq0fscoswsunv72mmf0	可看	development	2026-10-02-dev
sf34sdaqmtkfe622h1wdyp02t	可看	development	2026-10-02-dev
tppajemqmukiapzuu4wy6upzd	不看	development	2026-10-02-dev
raso4h957g061ept7dezyg640	可看	development	2026-10-02-dev
lybp9bwmh973qqi3jtr0ohgml	可看	development	2026-10-02-dev
y28ha5klbcstxiax2mkjpse7f	不看	development	2026-10-02-dev
zkwhzt95sa1g9re01giabjhp9	不看	development	2026-10-02-dev
u1036fjvdykewhnm1cxg7ol6f	可看	development	2026-10-02-dev
swv1oa9nrgis3fpled82tafpx	可看	development	2026-10-02-dev
d21lkd4z4xrcvyhtnoz56go3u	可看	development	2026-10-02-dev
jydyba45szshzq1kmlwea4aqm	不看	development	2026-10-02-dev
g9310y7uwaf96pyuiufsn9tbh	可看	development	2026-10-02-dev
l7im7rh7wqx3lo2qhe5g0qkw0	可看	development	2026-10-02-dev
cegomyc04tsyvyml63rzdfsnn	不看	development	2026-10-02-dev
nzqs1gza7q88yp6c7tgj611ds	可看	development	2026-10-02-dev
pjeo2osqqzai400jzr5yu1ppj	不看	development	2026-10-02-dev
er4spbw1bgpdx1y03a2ms8zmt	不看	development	2026-10-02-dev
prjktwrwhdmiqq1lvaxuk9cwd	可看	development	2026-10-02-dev
tnytr3hi39swsc3qropxcz4xu	可看	development	2026-10-02-dev
l3z3ii29pf9b3r1dzxppn1nw2	可看	development	2026-10-02-dev
m4yf7v0co0bmz2j8cpk2eo8mu	可看	development	2026-10-02-dev
c603bf43lcjp8yz6da6xrsvlv	可看	development	2026-10-02-dev
jncut0jmyo591k7sjxogydum9	不看	development	2026-10-02-dev
wcdxlrq849xi28ni2la955a8a	不看	development	2026-10-02-dev
bpcaqb0mqkyyy6kgzxu9gtkx6	不看	development	2026-10-02-dev
xxaw8h1v281v20micu8hbpjt2	不看	development	2026-10-02-dev
zvw76vknvlc4dspjcchy46avx	可看	development	2026-10-02-dev
ttwiirgp6gbhb9fwlxgvp0aiv	不看	development	2026-10-02-dev
txxwv25t696jcjyw0y2wuumu0	不看	development	2026-10-02-dev
eeqvayyeswc5gmh3njl1henqq	不看	development	2026-10-02-dev
snwo7iz6arf5psv01c1w4bpom	不看	development	2026-10-02-dev
wfwc7xnbief6cgmayuvdsgsxb	可看	development	2026-10-02-dev
l2qpby4v6dist4ldamh9um43z	可看	development	2026-10-02-dev
q9wllltl12gwdxz7r61c1swc5	不看	development	2026-10-02-dev
ld3axacuft1uxyae39ux0qx4z	不看	development	2026-10-02-dev
udlr6l2vi0fqmj3e79jkhm44u	不看	development	2026-10-02-dev
gxnvamx7potowesh4tyonqdfg	可看	development	2026-10-02-dev
fnjw00taug1elf0qv1safk7wy	可看	development	2026-10-02-dev
d5vrf9mk1dgdo88zkywgh8c0w	不看	development	2026-10-02-dev
bjr1jzvwlmcajvdpmot0jkfsh	不看	development	2026-10-02-dev
j1qrd28lbjko1168uht690j9y	不看	development	2026-10-02-dev
xkd4knmxgmi8ezlnnya9k8ye0	不看	development	2026-10-02-dev
i7ck82ae6usr5011kzawdmuun	不看	development	2026-10-02-dev
l5mlgy3u07e0kxf9phiw83xs4	可看	development	2026-10-02-dev
x2f1ppk7wkujamfjo022ktmmr	可看	development	2026-10-02-dev
oxsu0nf430rj7d3rrarpsuv30	不看	development	2026-10-02-dev
u9giisdg42a386obulj7sddvb	不看	development	2026-10-02-dev
l9rtnfoupy9zkuep1ns2ivwwx	可看	development	2026-10-02-dev
lqsk9urq289v470w0jeebqi17	不看	development	2026-10-02-dev
o6hsaxwh0hi953ql59rdni9ss	必看	development	2026-10-02-dev
u2tqer8bz63b7usyvev88q5pt	可看	development	2026-10-02-dev
tmoqzpc1tluojwu4ot3vhq3zg	可看	development	2026-10-02-dev
nup2k3txoipemv9fsu2c5iym9	可看	development	2026-10-02-dev
gkc0xra6i71rsu9vai4dl35d1	可看	development	2026-10-02-dev
fb4gnd6dutfcxwg6rfcadf6yt	可看	development	2026-10-02-dev
nzw3e62cztu7ct2yh8g19r171	不看	development	2026-10-02-dev
lbvz61ryz1fey8802sdix6062	可看	development	2026-10-02-dev
jzgk5cnip0ghps0w4hfz7qh3d	可看	development	2026-10-02-dev
hdwrj0j1wvdx20d7wrey3il6u	可看	development	2026-10-02-dev
hk51by3ejqf82eymqqbvqis65	不看	development	2026-10-02-dev
n5geqt6os8zlyxmcej7ggatu9	可看	development	2026-10-02-dev
kukgs3lf24qdbn73gpirzi8g4	不看	development	2026-10-02-dev
kna8cust8rrl569b56b53aqdp	不看	development	2026-10-02-dev
f0zyfz4rt2uap0yffb75ya644	不看	development	2026-10-02-dev
x6khq6an5yoa6wi5dkyuqyn5x	不看	development	2026-10-02-dev
bdyaxoej24m3o9lgvvfdzelri	不看	development	2026-10-02-dev
ttbfcc4ob0tqifge2kqvy3dn3	不看	development	2026-10-02-dev
uv2b09ot79xz3tzdordfg42qb	可看	development	2026-10-02-dev
uw2nlajphvmgdx61a886lvvpj	不看	development	2026-10-02-dev
z0e4yv7ib7z2of0owttwpx0hp	不看	development	2026-10-02-dev
t04tsk390wvb0g46f92xpwz54	不看	development	2026-10-02-dev
trx434brs4nyvst9smnxk2yyz	可看	development	2026-10-02-dev
pcuo1ta5zbbp2o085xhkaz0ox	不看	development	2026-10-02-dev
hkz33dyeb3scvhheckptgqdeq	可看	development	2026-10-02-dev
i214taxw8d5ylvbsijddnm45j	可看	development	2026-10-02-dev
a0webamt4rc31k87vfvfgq8ln	不看	development	2026-10-02-dev
za8d76ic5dvx8xue8tn7gu5iy	不看	development	2026-10-02-dev
lozmj1mxbkvqd52vw9prwjxrq	不看	development	2026-10-02-dev
yvpftvnqjyc220jx08s9qkwbb	不看	development	2026-10-02-dev
f2z6nox6d83yg5m0vn30kskjv	不看	development	2026-10-02-dev
ppv86zqzsp5pvs70qh4i5zb6u	不看	development	2026-10-02-dev
r9wgx5rudsl2iyxh9i0d5sysk	不看	development	2026-10-02-dev
szssbf5atlf4rraka5z0agsv3	不看	development	2026-10-02-dev
wr9r3hhy60yvo6pkey3coy4ur	可看	development	2026-10-02-dev
rpsvjezfnkazayhplx0zuwu97	不看	development	2026-10-02-dev
r8ijt3f0q4mp0zmhr21cc229w	可看	development	2026-10-02-dev
oxte5f46bu9tj0gt3svaq1b9c	可看	development	2026-10-02-dev
rdwkitcwg9a3h1hmjegeymc2q	可看	development	2026-10-02-dev
kzsy1kkj0shr6zp80og7qjwwl	可看	development	2026-10-02-dev
bgxtyivdtwjg49bntkw979u7e	可看	development	2026-10-02-dev
vxw9h8xlr0lttyis6x87qhwc0	不看	development	2026-10-02-dev
gxbtfnhpjztg0ccaz9rvsph88	不看	development	2026-10-02-dev
zoey1ckfykytngnmrpxphsurw	不看	development	2026-10-02-dev
gebz9iz2uwlud005zzawvjkgi	不看	development	2026-10-02-dev
p2e0tocjh9j02iandwmse8jab	不看	development	2026-10-02-dev
gs2tx9vjpv8rcldq16qu4j0rz	不看	development	2026-10-02-dev
j13ojb4kxf8yvujkxktzet642	不看	development	2026-10-02-dev
g6z1sdoqom4gvyckx71ta2ulf	不看	development	2026-10-02-dev
vat9c51ow6enjdqft3hdo1fnm	可看	development	earlier-10-01-or-5b
xc9uxvnalcvore2i28f7va7dy	必看	development	earlier-10-01-or-5b
j2gjl5ka0edb1ilrct0bg2stw	可看	development	earlier-10-01-or-5b
zlt76x0gr44cbc0383liina6v	不看	development	earlier-10-01-or-5b
dbgw51tqubdo0hkvzz1qcbcos	可看	development	earlier-10-01-or-5b
y7kwvribxgbv8xa48wn1prlqv	可看	development	earlier-10-01-or-5b
ch9u2wsqnqk5dtzckmcvw7w9e	可看	development	earlier-10-01-or-5b
bpsb9ajup33buzs17iik4968a	可看	development	earlier-10-01-or-5b
nz0zrzeaxll5xau519x66rm0h	必看	development	earlier-10-01-or-5b
fezop0pifs2qfgizuna4t1g0r	可看	development	earlier-10-01-or-5b
lof0drec3esu7rs4xex6y4lpb	可看	development	earlier-10-01-or-5b
kmp3wmfesd67ik0gtlacxgmth	必看	development	earlier-10-01-or-5b
ib9i5y4kh4qui7o9k30lnl2rf	可看	development	earlier-10-01-or-5b
c04l962cgcgzqtt0l1h95qclr	必看	development	earlier-10-01-or-5b
qlpj0hewq1zxqpb9f3g5sobmb	不看	development	earlier-10-01-or-5b
n89rkei6sv10khbxhtyo1oc8u	可看	development	earlier-10-01-or-5b
v06eaidcfs5gwvfwy7vbcb16w	不看	development	earlier-10-01-or-5b
rwgohh8glyh6wittqd2cvezgz	可看	development	earlier-10-01-or-5b
