id	两周条数	用户必看	用户可看	用户不看	没标	名称
rss-ristorazione-italiana	19	3	3	2	11	Ristorazione Italiana Magazine（意大利）
pod-jp-inshoku-ai-radio	15	3	5	1	6	飲食店のAI活用ラジオ（播客）
pod-cn-kaidian-biji	13	2	2	2	7	开店笔记 ▎一店顶十店·小而美·极致单店（播客）
pod-keys-to-the-shop	5	2	0	0	3	Keys To The Shop: Equipping Coffee Shop Leaders（咖啡店经营，播客）
web-canyin88-zixun	18	1	9	5	3	红餐网 · 资讯（中国）
rss-barista-magazine	10	1	0	1	8	Barista Magazine（咖啡馆经营）
blog-eats365	7	1	3	0	3	Eats365 餐厅经营指南（香港收银系统商，写亚太与北美）
rss-petpooja	5	1	1	0	3	Petpooja 博客（印度收银系统商，写给小餐馆）
pod-full-comp	5	1	2	0	2	FULL COMP: Restaurant Tactics, Tools, & Strategies（独立餐厅老板，播客）
pod-total-food-service	3	1	1	0	1	Total Food Service（播客）
pod-tw-kaidian-zhejianshi	2	1	1	0	0	開店這件事 by PeiPeiTalks（台湾小店老板访谈，播客）
pod-restaurant-rockstars	2	1	1	0	0	Restaurant Rockstars Podcast（餐厅老板的利润与团队，播客）
pod-restaurant-marketing-secrets	2	1	0	1	0	Restaurant Marketing Secrets（餐厅营销做法，播客）
pod-coffee-experts-club	2	1	0	0	1	The Coffee Experts Club Podcast（咖啡馆老板，播客）
pod-pulling-shots	2	1	1	0	0	Pulling Shots（小咖啡店老板，播客）
pod-hospitality-talks	1	1	0	0	0	Hospitality Talks（播客）
pod-restaurant-reset	1	1	0	0	0	Restaurant Reset（播客）
pod-tw-renren-canyin	1	1	0	0	0	人人品牌 · 餐飲經營筆記（播客）
pod-fettgespraeche	1	1	0	0	0	Fettgespräche - Der Gastro-Podcast（播客）
pod-restaurant-wealth	1	1	0	0	0	Restaurant Wealth Podcast（播客）
pod-restaurant-growth-accelerator	1	1	0	0	0	Restaurant Growth Accelerator: More Profit, More Locations, And More Time With Your Family（播客）
pod-valor-coffee	1	1	0	0	0	Valor Coffee Podcast（咖啡店老板，播客）
pod-restaurant-prosperity-formula	1	1	0	0	0	The Restaurant Prosperity Formula（独立餐厅老板，播客）
pod-horeca-audio-news-le-pillole-quotidiane	57	0	4	2	51	HORECA AUDIO NEWS - Le pillole quotidiane（播客）
rss-foodbank-kr	50	0	2	11	37	식품외식경제（韩国）
rss-qsrmedia-au	50	0	12	13	25	QSR Media（澳洲与英国，快餐与连锁）
rss-foodnews-kr	50	0	1	3	46	식품저널（韩国，食品与外食产业）
rss-foodrink	38	0	6	10	22	フードリンクニュース（日本，外食业）
rss-horecanews-it	36	0	3	9	24	Horecanews
rss-hospitality-ireland	31	0	1	5	25	Hospitality Ireland
rss-bargiornale	30	0	0	2	28	Bargiornale
rss-italia-a-tavola	25	0	2	2	21	Italia a Tavola
web-qsrmedia-asia	16	0	1	1	14	QSR Media Asia
web-canyin88-zhuanlan	15	0	10	2	3	红餐网 · 专栏
web-canyin88-hongchu	15	0	0	0	15	红餐网 · 红厨
rss-hospitality-nz	12	0	2	0	10	Hospitality Business（新西兰）
rss-daily-coffee-news	10	0	1	5	4	Daily Coffee News
rss-fipe	10	0	2	4	4	FIPE
rss-fresh-cup	10	0	0	3	7	Fresh Cup
rss-ristorando	10	0	0	1	9	Ristorando（意大利，餐饮企业经营）
pod-horeca-channel-italia	8	0	0	1	7	HORECA CHANNEL ITALIA 🇮🇹（播客）
rss-hospitality-au	7	0	0	1	6	Hospitality（澳洲）
rss-totalfood	6	0	3	1	2	Total Food Service
rss-marginedge	6	0	3	0	3	MarginEdge
rss-gast-at	5	0	1	3	1	Gast
pod-panaderia-facil	5	0	2	0	3	Panadería fácil para emprendedores（小面包店创业，西班牙语播客）
rss-fsr	4	0	2	0	2	FSR Magazine
pod-restaurant-strategy	4	0	2	0	2	RESTAURANT STRATEGY（播客）
pod-qsr-uncut	3	0	1	0	2	QSR Uncut（播客）
pod-the-ristoratori	3	0	1	0	2	The Ristoratori（播客）
pod-the-restaurant-technology-guys-podcast-b	2	0	1	0	1	The Restaurant Technology Guys Podcast brought to you by Custom Business Solutions（播客）
pod-strategic-business-growth-systems-restau	2	0	1	0	1	Strategic Business Growth Systems: Restaurant Edition（播客）
pod-marketing-morsels-for-restaurants	2	0	1	0	1	Marketing Morsels for Restaurants（播客）
pod-the-bar-business-podcast-bar-pub-owner-p	2	0	1	0	1	The Bar Business Podcast: Bar & Pub Owner Profits, Marketing & Operations（播客）
pod-the-build-restuarant-201	2	0	1	0	1	The Build: Restuarant 201（播客）
pod-jp-omise-radio-smaregi	2	0	1	0	1	お店ラジオ2 supported by スマレジ（播客）
pod-restaurant-finance-podcast	2	0	1	0	1	The Restaurant Finance Podcast（播客）
prt-141863	2	0	1	0	1	株式会社ExpreTech（PR TIMES）
pod-build-a-better-restaurant	2	0	1	0	1	Build A Better Restaurant with Peter Harman（独立餐厅老板，播客）
pod-a-la-carte-par-fooddy-le-podcast-qui-par	1	0	1	0	0	A LA CARTE par Fooddy, le podcast qui parle aux restaurateurs. Ici on parle de création & développement, de marketing & man（播客）
pod-der-gastro-podcast	1	0	0	0	1	DER GASTRO PODCAST（播客）
pod-great-work-for-restaurants	1	0	1	0	0	Great Work for Restaurants（餐厅营销与回头客，播客）
pod-food-business-blueprint	1	0	0	0	1	The Food Business Blueprint Podcast（餐饮老板的经营心得，播客）
rss-ahresp	0	0	0	0	0	AHRESP
