id	名称	类型	两周标题数	必看	可看	结果
pod-jp-inshoku-ai-radio	飲食店のAI活用ラジオ（播客）	播客	14	5	5	留下
rss-ristorazione-italiana	Ristorazione Italiana Magazine（意大利）	媒体协会等	13	4	2	留下
pod-horeca-audio-news-le-pillole-quotidiane	HORECA AUDIO NEWS - Le pillole quotidiane（播客）	播客	52	3	17	留下
web-canyin88-zhuanlan	红餐网 · 专栏	媒体协会等	15	2	10	留下
rss-hospitality-ireland	Hospitality Ireland	媒体协会等	31	1	4	留下
rss-italia-a-tavola	Italia a Tavola	媒体协会等	24	1	4	留下
rss-marginedge	MarginEdge	媒体协会等	4	1	3	留下
pod-cn-kaidian-biji	开店笔记 ▎一店顶十店·小而美·极致单店（播客）	播客	13	1	3	留下
rss-foodnews-kr	식품저널（韩国，食品与外食产业）	媒体协会等	50	1	3	留下
rss-fsr	FSR Magazine	媒体协会等	4	1	2	留下
rss-barista-magazine	Barista Magazine（咖啡馆经营）	媒体协会等	10	1	2	留下
web-canyin88-hongchu	红餐网 · 红厨	媒体协会等	4	1	2	留下
rss-gast-at	Gast	媒体协会等	5	1	1	留下
pod-total-food-service	Total Food Service（播客）	播客	2	1	1	留下
pod-the-bar-business-podcast-bar-pub-owner-p	The Bar Business Podcast: Bar & Pub Owner Profits, Marketing & Operations（播客）	播客	2	1	1	留下
pod-the-build-restuarant-201	The Build: Restuarant 201（播客）	播客	2	1	1	留下
rss-hospitality-au	Hospitality（澳洲）	媒体协会等	7	1	0	留下
pod-hospitality-talks	Hospitality Talks（播客）	播客	1	1	0	留下
pod-restaurant-reset	Restaurant Reset（播客）	播客	1	1	0	留下
pod-a-la-carte-par-fooddy-le-podcast-qui-par	A LA CARTE par Fooddy, le podcast qui parle aux restaurateurs. Ici on parle de création & développement, de marketing & man（播客）	播客	1	1	0	留下
pod-tw-renren-canyin	人人品牌 · 餐飲經營筆記（播客）	播客	1	1	0	留下
pod-der-gastro-podcast	DER GASTRO PODCAST（播客）	播客	1	1	0	留下
pod-fettgespraeche	Fettgespräche - Der Gastro-Podcast（播客）	播客	1	1	0	留下
pod-restaurant-wealth	Restaurant Wealth Podcast（播客）	播客	1	1	0	留下
pod-restaurant-growth-accelerator	Restaurant Growth Accelerator: More Profit, More Locations, And More Time With Your Family（播客）	播客	1	1	0	留下
rss-foodrink	フードリンクニュース（日本，外食业）	媒体协会等	32	0	15	留下
web-qsrmedia-asia	QSR Media Asia	媒体协会等	13	0	8	留下
rss-qsrmedia-au	QSR Media（澳洲与英国，快餐与连锁）	媒体协会等	50	0	8	留下
rss-foodbank-kr	식품외식경제（韩国）	媒体协会等	50	0	6	留下
rss-fipe	FIPE	媒体协会等	10	0	4	留下
pod-restaurant-strategy	RESTAURANT STRATEGY（播客）	播客	4	0	4	留下
rss-totalfood	Total Food Service	媒体协会等	6	0	3	留下
rss-bargiornale	Bargiornale	媒体协会等	30	0	3	留下
rss-fresh-cup	Fresh Cup	媒体协会等	10	0	3	留下
rss-horecanews-it	Horecanews	媒体协会等	37	0	3	留下
pod-jp-gaishoku-saizensen	10分解説 話題の外食最前線（播客）	播客	3	0	3	留下
pod-horeca-channel-italia	HORECA CHANNEL ITALIA 🇮🇹（播客）	播客	8	0	3	留下
rss-arca	Australian Restaurant & Cafe Association	媒体协会等	8	0	3	留下
rss-gnw-restaurants	GlobeNewswire · Restaurants & Bars	媒体协会等	20	0	3	留下
pod-the-ristoratori	The Ristoratori（播客）	播客	3	0	3	留下
web-canyin88-kuaixun	红餐网 · 快讯	媒体协会等	3	0	3	留下
rss-daily-coffee-news	Daily Coffee News	媒体协会等	10	0	2	留下
rss-ahresp	AHRESP	媒体协会等	6	0	2	留下
prt-royal	ロイヤルホールディングス株式会社（PR TIMES）	PR TIMES企业	4	0	2	留下
pod-the-restaurant-technology-guys-podcast-b	The Restaurant Technology Guys Podcast brought to you by Custom Business Solutions（播客）	播客	2	0	2	留下
pod-strategic-business-growth-systems-restau	Strategic Business Growth Systems: Restaurant Edition（播客）	播客	2	0	2	留下
pod-marketing-morsels-for-restaurants	Marketing Morsels for Restaurants（播客）	播客	2	0	2	留下
pod-qsr-uncut	QSR Uncut（播客）	播客	2	0	2	留下
rss-sivarious	Sivarious	媒体协会等	10	0	2	留下
nr-jollibee	Jollibee Group	品牌新闻室	4	0	2	留下
pod-jp-omise-radio-smaregi	お店ラジオ2 supported by スマレジ（播客）	播客	2	0	2	留下
prt-141863	株式会社ExpreTech（PR TIMES）	PR TIMES企业	3	0	2	留下
web-canyin88-zixun						留下（本机测不出）
pod-restaurant-finance-podcast						留下（本机测不出）
pod-it-s-not-you-it-s-your-hospitality	It’s Not You—It’s Your Hospitality（播客）	播客	2	0	1	停用
pod-think-hospitality-podcast	Think Hospitality Podcast（播客）	播客	1	0	1	停用
pod-hospitality-politics-with-andrew-rigie	Hospitality & Politics with Andrew Rigie（播客）	播客	1	0	1	停用
pod-no-reservation-the-hospitality-podcast	NO RESERVATION - The Hospitality Podcast（播客）	播客	2	0	1	停用
pod-hospitality-ops-club	Hospitality Ops Club（播客）	播客	1	0	1	停用
pod-studio-gastro-der-gastronomie-podcast-mi	Studio Gastro – Der Gastronomie Podcast mit Sebastian E. Merget & Friends（播客）	播客	2	0	1	停用
pod-talent-podcast	TALENT PODCAST（播客）	播客	2	0	1	停用
pod-restaurant-deal-making-exposed-with-patr	Restaurant Deal Making EXPOSED! With Patrick and Andy（播客）	播客	1	0	1	停用
pod-entre-fogones-el-po-dcast-de-makro	Entre fogones, el pódcast de Makro（播客）	播客	1	0	1	停用
pod-podcast-voor-horeca	Podcast voor Horeca（播客）	播客	1	0	1	停用
pod-running-restaurants	Running Restaurants（播客）	播客	1	0	1	停用
pod-restauranttopia-a-show-for-local-indepen	Restauranttopia: A Show for Local Independent Restaurants（播客）	播客	1	0	1	停用
pod-the-modern-waiter-podcast	The Modern Waiter Podcast（播客）	播客	3	0	1	停用
pod-give-an-ovation-the-restaurant-guest-exp	Give an Ovation: The Restaurant Guest Experience Podcast with Zack Oates（播客）	播客	1	0	1	停用
pod-the-dfy-restaurant-revolution	The DFY Restaurant Revolution（播客）	播客	2	0	1	停用
pod-food-service-matters	Food Service Matters（播客）	播客	1	0	1	停用
pod-restaurant-operator	Restaurant Operator（播客）	播客	1	0	1	停用
pod-bar-hacks	Bar Hacks（播客）	播客	1	0	1	停用
pod-hospitality-mavericks-podcast-show	Hospitality Mavericks Podcast Show（播客）	播客	1	0	1	停用
pod-restaurant-technology-podcast	Restaurant Technology Podcast（播客）	播客	1	0	1	停用
pod-restaurant-ai	Restaurant AI（播客）	播客	1	0	1	停用
pod-restaurant-tech-trends	Restaurant Tech Trends（播客）	播客	1	0	1	停用
pod-gastrogenius	GastroGenius by Sarah Jacob（播客）	播客	1	0	1	停用
pod-etl-adhoga	ETL ADHOGA informiert! (Tipps für Hotel- & Gastro-Unternehmen)（播客）	播客	1	0	1	停用
pod-marketing-gastronomico	Marketing Gastronómico Sobre La Mesa（播客）	播客	1	0	1	停用
pod-lado-b-gastronomia	Lado B da Gastronomia（播客）	播客	1	0	1	停用
pod-mike-boyle-restaurant	Mike Boyle Restaurant Show Podcast（播客）	播客	10	0	1	停用
pod-say86-hospitality	say86 Hospitality Podcast（播客）	播客	1	0	1	停用
pod-profitable-coffee-business	The Profitable Coffee Business（播客）	播客	3	0	1	停用
pod-the-pax-hospitality-podcast	The PAX Hospitality Podcast（播客）	播客	2	0	0	停用
pod-und-ein-spritzer-zitrone-gastronomie-pod	…und ein Spritzer Zitrone | Gastronomie-Podcast（播客）	播客	0	0	0	停用
pod-mehrwertwissen-fu-r-die-hotellerie-und-g	#MehrWertWissen für die Hotellerie und Gastronomie（播客）	播客	1	0	0	停用
pod-on-met-la-table	On met la table（播客）	播客	0	0	0	停用
pod-talents	Talents（播客）	播客	1	0	0	停用
pod-restaurants-association-of-ireland-podca	Restaurants Association of Ireland Podcast（播客）	播客	0	0	0	停用
pod-oltre-il-menu-dietro-le-quinte-della-ris	Oltre il menù - Dietro le quinte della ristorazione（播客）	播客	2	0	0	停用
pod-kr-baemin-owner-talk	사장님 라이브 토크 · 배민아카데미（播客）	播客	0	0	0	停用
pod-hotello-s	Hotello's（播客）	播客	0	0	0	停用
pod-ru-restohub-horeca	Разговоры с лидерами HoReCa · Restohub（播客）	播客	0	0	0	停用
pod-tw-canyin-boaizuo	餐飲博愛座（播客）	播客	1	0	0	停用
pod-restaurant-roi-roundup	Restaurant ROI Roundup（播客）	播客	0	0	0	停用
pod-restaurant-season-the-story-of-opening-r	Restaurant Season — The Story of Opening, Running & Surviving a Restaurant（播客）	播客	0	0	0	停用
pod-restaurant-hero	Restaurant Hero（播客）	播客	0	0	0	停用
pod-little-raps-restaurant-strategy-insights	Little Raps - Restaurant Strategy Insights and Ideas（播客）	播客	0	0	0	停用
pod-we-live-to-eat	We Live To Eat（播客）	播客	0	0	0	停用
pod-your-life-and-restaurant	Your Life and Restaurant（播客）	播客	0	0	0	停用
pod-supy-talks-the-multi-branch-restaurant-o	Supy Talks - The Multi-Branch Restaurant Operations Podcast（播客）	播客	0	0	0	停用
pod-restaurant-owners-uncorked	Restaurant Owners Uncorked（播客）	播客	0	0	0	停用
pod-the-buildout	The Buildout（播客）	播客	2	0	0	停用
pod-the-restaurants-grow-podcast-how-marketi	The Restaurants Grow Podcast - How marketing and operations come together for restaurant success.（播客）	播客	1	0	0	停用
pod-market-trends-with-tracy	Market Trends with Tracy（播客）	播客	2	0	0	停用
pod-seasoned-leaders	Seasoned Leaders（播客）	播客	0	0	0	停用
pod-restaurant-leadership-podcast-the-show-f	Restaurant Leadership Podcast: The Show for Multi-Unit Operators Ready to Scale（播客）	播客	1	0	0	停用
pod-corner-booth-podcast	Corner Booth Podcast（播客）	播客	1	0	0	停用
pod-kith-and-kin-hospitality-real-stories-fr	Kith and Kin Hospitality: Real Stories from the Hospitality Industry（播客）	播客	1	0	0	停用
pod-trestle-senior-living	Tips from Trestle: The Senior Living Food and Hospitality Podcast（播客）	播客	2	0	0	停用
pod-gastropodcast-de	GASTROpodcast（播客）	播客	2	0	0	停用
pod-brot-austern	Brot & Austern – Der Gastro-Trend Podcast mit Felicitas Then（播客）	播客	1	0	0	停用
pod-aufs-haus-gastro	Auf’s Haus der Podcast - Gastro Geschichten mit Axel und Ana aus Münster（播客）	播客	0	0	0	停用
pod-gastrolab-heraldo	GastroLab（播客）	播客	2	0	0	停用
pod-koffeinrausch-gastro	Koffeinrausch & Gastro（播客）	播客	2	0	0	停用
pod-gastrotalk-hoeller	GASTROtalk mit Kurt Höller（播客）	播客	0	0	0	停用
pod-talking-hospitality	Talking Hospitality podcast（播客）	播客	1	0	0	停用
pod-elevated-hospitality	The Elevated Hospitality Podcast（播客）	播客	0	0	0	停用
pod-jp-hakata-ramen	シゲアキの博多ラーメンPODCAST（播客）	播客	2	0	0	停用
pod-jp-kitchencar-michi	みちのキッチンカー復活劇場（播客）	播客	0	0	0	停用
pod-the-pre-shift-7shifts	The Pre-Shift（播客）	播客	0	0	0	停用
pod-entre-hosteleros	ENTRE HOSTELEROS（播客）	播客	0	0	0	停用
pod-bakery-business-academy	Kitchen Notes: A Podcast by Bakery Business Academy（播客）	播客	0	0	0	停用
pod-wholestory-fwd	WholeStory - An FWD Podcast（播客）	播客	2	0	0	停用
pod-sbs-chuangye-souhsik	創業搵食GUIDE（播客）	播客	2	0	0	停用
pod-restaurant-coach	The Restaurant Coach Podcast（播客）	播客	0	0	0	停用
pod-shift-change-qsr	The Shift Change - Transforming QSR Operations Through Better HR（播客）	播客	0	0	0	停用
pod-cheftreff-k5	ChefTreff - ein K5 Podcast von Sven Rittau（播客）	播客	2	0	0	停用
pod-startcups-coffee	STARTCUPS® Coffee Talks Podcast（播客）	播客	1	0	0	停用
pod-restaurant-profit-coach	The Restaurant Profit Coach（播客）	播客	0	0	0	停用
rss-lumina	Lumina Intelligence（英国，餐饮数据）	媒体协会等	1	0	1	停用
rss-hospitality-news-me	Hospitality News Middle East（中东）	媒体协会等	10	0	1	停用
rss-restaurants-canada	Restaurants Canada（加拿大餐馆协会）	媒体协会等	1	0	1	停用
rss-food-business-mea	Food Business MEA	媒体协会等	1	0	1	停用
rss-hospitality-catering-news	Hospitality & Catering News	媒体协会等	10	0	1	停用
rss-spoton	SpotOn	媒体协会等	2	0	1	停用
rss-horeca-ro	Horeca.ro	媒体协会等	10	0	1	停用
rss-visita-besoksliv	Besöksliv	媒体协会等	5	0	1	停用
rss-thinkfood-trend	식품음료신문 · 트렌드·리포트	媒体协会等	4	0	1	停用
rss-fer	Foodservice Equipment Reports	媒体协会等	2	0	0	停用
web-canyinj	餐饮界（中国）	媒体协会等	5	0	0	停用
rss-arq-quebec	Association Restauration Québec	媒体协会等	3	0	0	停用
rss-bevinfogroup	Beverage Information Group（Cheers、Beverage Dynamics）	媒体协会等	2	0	0	停用
rss-canirac	CANIRAC	媒体协会等	0	0	0	停用
rss-corestaurant	Colorado Restaurant Association	媒体协会等	1	0	0	停用
rss-fehgra	FEHGRA	媒体协会等	9	0	0	停用
rss-foodretail-es	Foodretail	媒体协会等	0	0	0	停用
rss-frla	Florida Restaurant & Lodging Association	媒体协会等	0	0	0	停用
rss-hawaiirestaurant	Hawaii Restaurant Association	媒体协会等	0	0	0	停用
rss-ir-papajohns	Papa John's	媒体协会等	2	0	0	停用
rss-ir-redrobin	Red Robin	媒体协会等	0	0	0	停用
rss-ir-wingstop	Wingstop	媒体协会等	2	0	0	停用
rss-lra	Louisiana Restaurant Association	媒体协会等	2	0	0	停用
rss-nho-reiseliv	NHO Reiseliv	媒体协会等	13	0	0	停用
rss-rai-ireland	Restaurants Association of Ireland	媒体协会等	1	0	0	停用
rss-sprudge	Sprudge	媒体协会等	10	0	0	停用
rss-the-spoon	The Spoon	媒体协会等	0	0	0	停用
rss-visita	Visita	媒体协会等	1	0	0	停用
rss-vrlta	Virginia Restaurant, Lodging & Travel Association	媒体协会等	2	0	0	停用
rss-brot-backwaren	BROT+Backwaren	媒体协会等	10	0	0	停用
rss-revista-horeca-es	Revista Horeca	媒体协会等	10	0	0	停用
rss-presseportal-systemgastronomie	presseportal · Systemgastronomie	媒体协会等	1	0	0	停用
web-canyin88-z	红餐网 · 知识树	媒体协会等	0	0	0	停用
nr-wetherspoon	J D Wetherspoon	品牌新闻室	1	0	1	停用
nr-amrest	AmRest	品牌新闻室	0	0	0	停用
nr-golden-gate	Golden Gate Restaurant Group	品牌新闻室	0	0	0	停用
prt-zensho	株式会社ゼンショーホールディングス（PR TIMES）	PR TIMES企业	14	0	1	停用
prt-matsuya	株式会社松屋フーズホールディングス（PR TIMES）	PR TIMES企业	10	0	1	停用
prt-toridoll	株式会社トリドールホールディングス（PR TIMES）	PR TIMES企业	1	0	1	停用
prt-toreta	株式会社トレタ（PR TIMES）	PR TIMES企业	1	0	1	停用
prt-tenpos	テンポス グループ（PR TIMES）	PR TIMES企业	15	0	1	停用
prt-foodlabo	株式会社シンクロ・フード（PR TIMES）	PR TIMES企业	3	0	1	停用
prt-54091	株式会社プレコフーズ（PR TIMES）	PR TIMES企业	2	0	1	停用
prt-48503	株式会社ゴンチャ ジャパン（PR TIMES）	PR TIMES企业	4	0	1	停用
prt-141264	これマネ（PR TIMES）	PR TIMES企业	1	0	1	停用
prt-27681	株式会社ガーデン（PR TIMES）	PR TIMES企业	9	0	1	停用
prt-130092	株式会社double（PR TIMES）	PR TIMES企业	2	0	1	停用
prt-32350	アークランドサービスホールディングス株式会社（PR TIMES）	PR TIMES企业	8	0	1	停用
prt-63326	KOZOホールディングス（PR TIMES）	PR TIMES企业	1	0	1	停用
prt-48178	オイシーズ株式会社（PR TIMES）	PR TIMES企业	3	0	1	停用
prt-158654	株式会社SuiSui（PR TIMES）	PR TIMES企业	1	0	1	停用
prt-56468	ポスタス株式会社（PR TIMES）	PR TIMES企业	1	0	1	停用
prt-38986	株式会社安楽亭（PR TIMES）	PR TIMES企业	1	0	1	停用
prt-10329	イートアンドHD（PR TIMES）	PR TIMES企业	3	0	1	停用
prt-150846	NA Group株式会社（PR TIMES）	PR TIMES企业	3	0	1	停用
prt-56034	エデンレッドジャパン（PR TIMES）	PR TIMES企业	1	0	1	停用
prt-33995	株式会社ランプ（PR TIMES）	PR TIMES企业	1	0	1	停用
prt-175373	株式会社ピソラ（PR TIMES）	PR TIMES企业	2	0	1	停用
prt-43858	株式会社Review（PR TIMES）	PR TIMES企业	1	0	1	停用
prt-24246	株式会社mov（PR TIMES）	PR TIMES企业	12	0	1	停用
prt-42791	NATTY SWANKY holdings Co.,Ltd.（PR TIMES）	PR TIMES企业	2	0	1	停用
prt-168555	Too Good To Go Japan株式会社（PR TIMES）	PR TIMES企业	2	0	1	停用
prt-183692	株式会社ぐっとくるダイニング（PR TIMES）	PR TIMES企业	1	0	1	停用
prt-189296	株式会社コネクティラボ（PR TIMES）	PR TIMES企业	1	0	1	停用
prt-69393	ソフトバンクロボティクス株式会社（PR TIMES）	PR TIMES企业	2	0	1	停用
prt-28572	DFA Robotics（PR TIMES）	PR TIMES企业	1	0	1	停用
prt-167482	有限会社天辺ダッシュカンパニー（PR TIMES）	PR TIMES企业	1	0	1	停用
prt-188094	株式会社マリノ（PR TIMES）	PR TIMES企业	1	0	1	停用
prt-150113	株式会社プロガイド（PR TIMES）	PR TIMES企业	1	0	1	停用
prt-13501	SENSY（PR TIMES）	PR TIMES企业	2	0	1	停用
prt-83706	株式会社Goals（PR TIMES）	PR TIMES企业	1	0	1	停用
prt-178962	株式会社食彩雲南（PR TIMES）	PR TIMES企业	1	0	1	停用
prt-190796	SOEL株式会社（PR TIMES）	PR TIMES企业	3	0	1	停用
prt-36375	株式会社タイミー（PR TIMES）	PR TIMES企业	2	0	1	停用
prt-skylark	株式会社すかいらーくホールディングス（PR TIMES）	PR TIMES企业	6	0	0	停用
prt-yoshinoya	吉野家ホールディングス（PR TIMES）	PR TIMES企业	4	0	0	停用
prt-colowide	株式会社コロワイドダイニング（PR TIMES）	PR TIMES企业	2	0	0	停用
prt-marugame	株式会社丸亀製麺（PR TIMES）	PR TIMES企业	1	0	0	停用
prt-mos	株式会社モスフードサービス（PR TIMES）	PR TIMES企业	3	0	0	停用
prt-kfc-jp	日本ケンタッキー・フライド・チキン株式会社（PR TIMES）	PR TIMES企业	2	0	0	停用
prt-starbucks-jp	スターバックスコーヒージャパン株式会社（PR TIMES）	PR TIMES企业	3	0	0	停用
prt-doutor	株式会社ドトールコーヒー（PR TIMES）	PR TIMES企业	2	0	0	停用
prt-ichibanya	株式会社壱番屋（PR TIMES）	PR TIMES企业	1	0	0	停用
prt-ohsho	株式会社王将フードサービス（PR TIMES）	PR TIMES企业	1	0	0	停用
prt-kourakuen	株式会社幸楽苑（PR TIMES）	PR TIMES企业	1	0	0	停用
prt-monogatari	物語コーポレーション（PR TIMES）	PR TIMES企业	7	0	0	停用
prt-torikizoku	株式会社エターナルホスピタリティグループ（旧：株式会社鳥貴族ホールディングス）（PR TIMES）	PR TIMES企业	3	0	0	停用
prt-watami	ワタミ株式会社（PR TIMES）	PR TIMES企业	15	0	0	停用
prt-create-restaurants	株式会社クリエイト・レストランツ・ホールディングス（PR TIMES）	PR TIMES企业	11	0	0	停用
prt-kushikatsu-tanaka	株式会社ユニシアホールディングス（旧 串カツ田中ホールディングス）（PR TIMES）	PR TIMES企业	5	0	0	停用
prt-ootoya	株式会社大戸屋（PR TIMES）	PR TIMES企业	4	0	0	停用
prt-hiday	株式会社ハイデイ日高（PR TIMES）	PR TIMES企业	1	0	0	停用
prt-kisoji	株式会社木曽路（PR TIMES）	PR TIMES企业	2	0	0	停用
prt-bronco	株式会社ブロンコビリー（PR TIMES）	PR TIMES企业	1	0	0	停用
prt-kappa	カッパ・クリエイト株式会社（PR TIMES）	PR TIMES企业	7	0	0	停用
prt-dd	DDグループ（PR TIMES）	PR TIMES企业	1	0	0	停用
prt-dominos-jp	株式会社ドミノ・ピザ　ジャパン（PR TIMES）	PR TIMES企业	1	0	0	停用
prt-pizzahut-jp	日本ピザハット株式会社（PR TIMES）	PR TIMES企业	3	0	0	停用
prt-foursis	株式会社フォーシーズ（PR TIMES）	PR TIMES企业	5	0	0	停用
prt-hotland	株式会社ホットランドホールディングス（PR TIMES）	PR TIMES企业	5	0	0	停用
prt-plenus	株式会社プレナス（PR TIMES）	PR TIMES企业	18	0	0	停用
prt-tullys	タリーズコーヒージャパン株式会社（PR TIMES）	PR TIMES企业	2	0	0	停用
prt-saint-marc	サンマルクカフェ（PR TIMES）	PR TIMES企业	2	0	0	停用
prt-ichiran	株式会社一蘭（PR TIMES）	PR TIMES企业	3	0	0	停用
prt-alef	株式会社アレフ（PR TIMES）	PR TIMES企业	2	0	0	停用
prt-joyfull	株式会社ジョイフル（PR TIMES）	PR TIMES企业	4	0	0	停用
prt-montrosa	株式会社モンテローザ（PR TIMES）	PR TIMES企业	8	0	0	停用
prt-chimney	チムニー株式会社（PR TIMES）	PR TIMES企业	1	0	0	停用
prt-yoronotaki	養老乃瀧 株式会社（PR TIMES）	PR TIMES企业	0	0	0	停用
prt-kappo-gourmet-kineya	株式会社グルメ杵屋（PR TIMES）	PR TIMES企业	4	0	0	停用
prt-atom	株式会社アトム（PR TIMES）	PR TIMES企业	6	0	0	停用
prt-amiyakitei	株式会社あみやき亭（PR TIMES）	PR TIMES企业	1	0	0	停用
prt-reins	株式会社レインズインターナショナル（PR TIMES）	PR TIMES企业	5	0	0	停用
prt-gogocurry	株式会社ゴーゴーカレーグループ（PR TIMES）	PR TIMES企业	0	0	0	停用
prt-wonder-table	ワンダーテーブル（PR TIMES）	PR TIMES企业	2	0	0	停用
prt-transit	株式会社トランジットホールディングス（PR TIMES）	PR TIMES企业	3	0	0	停用
prt-dining-innovation	株式会社ダイニングイノベーション（PR TIMES）	PR TIMES企业	1	0	0	停用
prt-gnavi	株式会社ぐるなび（PR TIMES）	PR TIMES企业	11	0	0	停用
prt-retty	Retty株式会社（PR TIMES）	PR TIMES企业	0	0	0	停用
prt-demaecan	株式会社出前館（PR TIMES）	PR TIMES企业	2	0	0	停用
prt-smaregi	株式会社スマレジ（PR TIMES）	PR TIMES企业	2	0	0	停用
prt-dinii	株式会社ダイニー（PR TIMES）	PR TIMES企业	1	0	0	停用
prt-hoshizaki	ホシザキ株式会社（PR TIMES）	PR TIMES企业	2	0	0	停用
prt-pudu-jp	Pudu Technology Inc.（PR TIMES）	PR TIMES企业	0	0	0	停用
prt-bk-jp	株式会社ビーケー・ジャパン（PR TIMES）	PR TIMES企业	1	0	0	停用
prt-food-life	F&LC（FOOD & LIFE COMPANIES）（PR TIMES）	PR TIMES企业	4	0	0	停用
prt-genki	株式会社Genki Global Dining Concepts（PR TIMES）	PR TIMES企业	1	0	0	停用
prt-ap	APHD（エー・ピーホールディングス）（PR TIMES）	PR TIMES企业	3	0	0	停用
prt-35041	ユーシーシーフードサービスシステムズ株式会社（PR TIMES）	PR TIMES企业	2	0	0	停用
prt-158425	株式会社トリドールジャパン（PR TIMES）	PR TIMES企业	0	0	0	停用
prt-173832	株式会社ナショナルフーズ（PR TIMES）	PR TIMES企业	1	0	0	停用
prt-19783	ドリームフーズ株式会社（PR TIMES）	PR TIMES企业	1	0	0	停用
prt-132940	株式会社ねぎしフードサービス（PR TIMES）	PR TIMES企业	1	0	0	停用
prt-116507	GFC（PR TIMES）	PR TIMES企业	1	0	0	停用
prt-107911	マミヤ・オーピー株式会社（PR TIMES）	PR TIMES企业	1	0	0	停用
prt-45707	株式会社ムジャキフーズ（PR TIMES）	PR TIMES企业	2	0	0	停用
prt-46356	TechMagic株式会社（PR TIMES）	PR TIMES企业	0	0	0	停用
prt-70373	株式会社ファッズ（PR TIMES）	PR TIMES企业	2	0	0	停用
prt-110396	LH 株式会社（PR TIMES）	PR TIMES企业	6	0	0	停用
prt-123926	株式会社高倉町珈琲（PR TIMES）	PR TIMES企业	0	0	0	停用
prt-121045	株式会社ちょいおでん（PR TIMES）	PR TIMES企业	2	0	0	停用
prt-52657	株式会社シナジーカフェ（PR TIMES）	PR TIMES企业	1	0	0	停用
prt-11586	株式会社大庄（PR TIMES）	PR TIMES企业	3	0	0	停用
prt-73150	株式会社HITOSUKE（PR TIMES）	PR TIMES企业	1	0	0	停用
prt-33462	ニラックス株式会社（PR TIMES）	PR TIMES企业	12	0	0	停用
prt-42301	株式会社 小田急レストランシステム（PR TIMES）	PR TIMES企业	2	0	0	停用
prt-117096	株式会社パンチョ（PR TIMES）	PR TIMES企业	2	0	0	停用
prt-37579	株式会社サンパーク（PR TIMES）	PR TIMES企业	3	0	0	停用
prt-103105	株式会社MRホールディングス（PR TIMES）	PR TIMES企业	1	0	0	停用
prt-87495	株式会社guriko（PR TIMES）	PR TIMES企业	0	0	0	停用
prt-56009	株式会社ハロー（PR TIMES）	PR TIMES企业	2	0	0	停用
prt-78704	Okage株式会社（PR TIMES）	PR TIMES企业	0	0	0	停用
prt-83967	株式会社L＆L（PR TIMES）	PR TIMES企业	0	0	0	停用
prt-122416	SRSホールディングス株式会社（PR TIMES）	PR TIMES企业	4	0	0	停用
prt-143384	株式会社JFLAホールディングス（PR TIMES）	PR TIMES企业	5	0	0	停用
prt-55180	株式会社ビリオンフーズ（PR TIMES）	PR TIMES企业	11	0	0	停用
prt-83851	鉄人化ホールディングス <グループ各社>（PR TIMES）	PR TIMES企业	1	0	0	停用
prt-28006	焼肉坂井ホールディングス（PR TIMES）	PR TIMES企业	8	0	0	停用
prt-35671	株式会社 FS.shake（PR TIMES）	PR TIMES企业	7	0	0	停用
prt-152670	ビッグクリエイト株式会社（PR TIMES）	PR TIMES企业	1	0	0	停用
prt-108938	千房株式会社（PR TIMES）	PR TIMES企业	2	0	0	停用
prt-36476	GOSSO株式会社（PR TIMES）	PR TIMES企业	6	0	0	停用
prt-37031	株式会社資さん（PR TIMES）	PR TIMES企业	3	0	0	停用
prt-20880	株式会社一家ホールディングス（PR TIMES）	PR TIMES企业	1	0	0	停用
prt-25861	株式会社ラーメンデータバンク（PR TIMES）	PR TIMES企业	3	0	0	停用
prt-68009	株式会社堀口珈琲（PR TIMES）	PR TIMES企业	1	0	0	停用
prt-138026	井筒まい泉株式会社（PR TIMES）	PR TIMES企业	3	0	0	停用
prt-117336	株式会社FBIホールディングス（PR TIMES）	PR TIMES企业	2	0	0	停用
prt-19589	株式会社オーイズミフーズ（PR TIMES）	PR TIMES企业	1	0	0	停用
prt-54788	株式会社 ヴィア・ホールディングス（PR TIMES）	PR TIMES企业	0	0	0	停用
prt-60358	株式会社ＳｔｙＬｅ（PR TIMES）	PR TIMES企业	1	0	0	停用
prt-118492	株式会社B.N（PR TIMES）	PR TIMES企业	0	0	0	停用
prt-16145	株式会社J・ART（PR TIMES）	PR TIMES企业	1	0	0	停用
prt-123082	株式会社 KONA'S（PR TIMES）	PR TIMES企业	1	0	0	停用
prt-172203	グローバルフードソリューション株式会社（PR TIMES）	PR TIMES企业	1	0	0	停用
prt-131309	株式会社鶏ヤロー（PR TIMES）	PR TIMES企业	1	0	0	停用
prt-9278	株式会社ゼネラル・オイスター（PR TIMES）	PR TIMES企业	1	0	0	停用
prt-14510	株式会社Globridge（PR TIMES）	PR TIMES企业	6	0	0	停用
prt-19914	株式会社 銀座ルノアール（PR TIMES）	PR TIMES企业	1	0	0	停用
prt-49183	S.H.N株式会社（PR TIMES）	PR TIMES企业	1	0	0	停用
prt-123261	株式会社 活美登利（PR TIMES）	PR TIMES企业	1	0	0	停用
prt-185678	株式会社SAKIGAKEホールディングス（PR TIMES）	PR TIMES企业	6	0	0	停用
prt-106959	株式会社 肉屋の台所（PR TIMES）	PR TIMES企业	1	0	0	停用
prt-69924	株式会社丸福商店（PR TIMES）	PR TIMES企业	1	0	0	停用
prt-5340	GYRO HOLDINGS（PR TIMES）	PR TIMES企业	7	0	0	停用
prt-93471	株式会社マチルダ（PR TIMES）	PR TIMES企业	1	0	0	停用
prt-87198	株式会社松富士食品（PR TIMES）	PR TIMES企业	2	0	0	停用
prt-39299	ホリイフードサービス株式会社（PR TIMES）	PR TIMES企业	2	0	0	停用
prt-126693	株式会社甲羅（PR TIMES）	PR TIMES企业	4	0	0	停用
prt-189841	株式会社マルエイフードテック（PR TIMES）	PR TIMES企业	1	0	0	停用
prt-174301	株式会社Matcha Frontier（PR TIMES）	PR TIMES企业	1	0	0	停用
prt-61742	ワンズトライン株式会社（PR TIMES）	PR TIMES企业	2	0	0	停用
prt-32855	レッドロブスタージャパン株式会社（PR TIMES）	PR TIMES企业	2	0	0	停用
prt-90362	株式会社京はやしや（PR TIMES）	PR TIMES企业	1	0	0	停用
prt-140188	株式会社ZUND（PR TIMES）	PR TIMES企业	1	0	0	停用
prt-129324	株式会社ｐｅａｃｅ ｐｕｔ（PR TIMES）	PR TIMES企业	0	0	0	停用
prt-46202	タニコー株式会社（PR TIMES）	PR TIMES企业	0	0	0	停用
prt-184210	株式会社2TAPS（PR TIMES）	PR TIMES企业	1	0	0	停用
prt-31222	Miコーポレーション株式会社（PR TIMES）	PR TIMES企业	6	0	0	停用
prt-35358	株式会社日と々と（PR TIMES）	PR TIMES企业	3	0	0	停用
prt-7024	株式会社DAY TO LIFE（PR TIMES）	PR TIMES企业	3	0	0	停用
prt-41346	俺の株式会社（PR TIMES）	PR TIMES企业	0	0	0	停用
prt-146842	株式会社First Drop（PR TIMES）	PR TIMES企业	0	0	0	停用
prt-66499	株式会社シクロ（PR TIMES）	PR TIMES企业	1	0	0	停用
prt-46327	Ｆ＆Ｐジャパン株式会社（PR TIMES）	PR TIMES企业	0	0	0	停用
prt-73526	ミナモト（PR TIMES）	PR TIMES企业	0	0	0	停用
prt-28731	株式会社ＨＵＧＥ（PR TIMES）	PR TIMES企业	1	0	0	停用
prt-106009	BLOOM株式会社（PR TIMES）	PR TIMES企业	0	0	0	停用
prt-23738	チタカ・インターナショナル・フーズ株式会社（PR TIMES）	PR TIMES企业	0	0	0	停用
prt-107494	株式会社LDFS（PR TIMES）	PR TIMES企业	1	0	0	停用
prt-29315	株式会社平城苑（PR TIMES）	PR TIMES企业	2	0	0	停用
prt-171465	株式会社トライ・インターナショナル（PR TIMES）	PR TIMES企业	1	0	0	停用
prt-17310	株式会社アントワークス（PR TIMES）	PR TIMES企业	3	0	0	停用
prt-135697	株式会社こむぎの（PR TIMES）	PR TIMES企业	1	0	0	停用
prt-154178	株式会社キッチンわたりがらす（PR TIMES）	PR TIMES企业	1	0	0	停用
prt-59385	ファーストキッチン株式会社（PR TIMES）	PR TIMES企业	2	0	0	停用
prt-7269	株式会社アークミール（PR TIMES）	PR TIMES企业	4	0	0	停用
prt-26745	株式会社 オペレーションファクトリー（PR TIMES）	PR TIMES企业	5	0	0	停用
prt-15963	株式会社チャンピオンカレー（PR TIMES）	PR TIMES企业	6	0	0	停用
prt-19564	株式会社FTG Company（PR TIMES）	PR TIMES企业	2	0	0	停用
prt-64061	株式会社グリーンハウスフーズ（PR TIMES）	PR TIMES企业	3	0	0	停用
prt-36259	ボンディッシュ株式会社（PR TIMES）	PR TIMES企业	2	0	0	停用
prt-151908	株式会社キングファクトリーグループ（PR TIMES）	PR TIMES企业	0	0	0	停用
prt-18877	株式会社プロントコーポレーション（PR TIMES）	PR TIMES企业	1	0	0	停用
prt-78678	株式会社イーストン（PR TIMES）	PR TIMES企业	2	0	0	停用
prt-113153	株式会社一神（PR TIMES）	PR TIMES企业	1	0	0	停用
prt-35415	株式会社QRAUD（PR TIMES）	PR TIMES企业	1	0	0	停用
prt-101842	株式会社うまプロ（PR TIMES）	PR TIMES企业	1	0	0	停用
prt-38219	ベトナム屋台株式会社（PR TIMES）	PR TIMES企业	0	0	0	停用
prt-145619	株式会社なだ万（PR TIMES）	PR TIMES企业	1	0	0	停用
prt-156474	麺屋NOBUNAGA（PR TIMES）	PR TIMES企业	1	0	0	停用
prt-100731	株式会社sommet farm（PR TIMES）	PR TIMES企业	1	0	0	停用
prt-24682	株式会社ほっかほっか亭総本部（PR TIMES）	PR TIMES企业	3	0	0	停用
prt-38334	グリーンカルチャー株式会社（PR TIMES）	PR TIMES企业	1	0	0	停用
prt-93487	株式会社ジャパンチケットホールディングス（PR TIMES）	PR TIMES企业	1	0	0	停用
prt-45876	株式会社マルハンダイニング（PR TIMES）	PR TIMES企业	1	0	0	停用
prt-79423	C-United株式会社（PR TIMES）	PR TIMES企业	2	0	0	停用
prt-65562	株式会社トマトアンドアソシエイツ（PR TIMES）	PR TIMES企业	2	0	0	停用
prt-24488	株式会社ポトマック（PR TIMES）	PR TIMES企业	11	0	0	停用
prt-117815	株式会社MOTHERS（PR TIMES）	PR TIMES企业	2	0	0	停用
prt-60471	株式会社テンフォー（PR TIMES）	PR TIMES企业	2	0	0	停用
prt-190462	元祖おにぽん食堂（PR TIMES）	PR TIMES企业	1	0	0	停用
prt-152766	株式会社beagle（PR TIMES）	PR TIMES企业	2	0	0	停用
prt-50301	株式会社やる気（PR TIMES）	PR TIMES企业	1	0	0	停用
prt-88132	株式会社ちょいと（PR TIMES）	PR TIMES企业	1	0	0	停用
prt-36110	BOTEJYU Group ホールディングス株式会社（PR TIMES）	PR TIMES企业	1	0	0	停用
prt-108784	株式会社アイティープラス（PR TIMES）	PR TIMES企业	1	0	0	停用
prt-186955	株式会社立ち食い寿司東京（PR TIMES）	PR TIMES企业	2	0	0	停用
prt-74719	有限会社アイズ（PR TIMES）	PR TIMES企业	1	0	0	停用
prt-188900	スタースリー株式会社（PR TIMES）	PR TIMES企业	7	0	0	停用
prt-122221	株式会社Human Qreate（PR TIMES）	PR TIMES企业	1	0	0	停用
prt-188109	株式会社THAN（PR TIMES）	PR TIMES企业	1	0	0	停用
prt-15091	株式会社 Root（PR TIMES）	PR TIMES企业	0	0	0	停用
prt-75665	クリスピー・クリーム・ドーナツ・ジャパン株式会社（PR TIMES）	PR TIMES企业	3	0	0	停用
prt-118864	株式会社 銀座おのでら（PR TIMES）	PR TIMES企业	1	0	0	停用
prt-35757	株式会社FIKA（PR TIMES）	PR TIMES企业	1	0	0	停用
prt-35646	トリゼンフーズ株式会社（PR TIMES）	PR TIMES企业	2	0	0	停用
prt-41674	株式会社おかげさまで（PR TIMES）	PR TIMES企业	1	0	0	停用
prt-18734	株式会社 和僑ホールディングス（PR TIMES）	PR TIMES企业	0	0	0	停用
prt-41634	株式会社 路珈珈（PR TIMES）	PR TIMES企业	1	0	0	停用
prt-25087	株式会社バルニバービ（PR TIMES）	PR TIMES企业	1	0	0	停用
prt-23530	Ｇ－ＦＡＣＴＯＲＹ株式会社（PR TIMES）	PR TIMES企业	2	0	0	停用
prt-17102	スカイファーム株式会社（PR TIMES）	PR TIMES企业	2	0	0	停用
prt-101785	株式会社ラショナル・ジャパン（PR TIMES）	PR TIMES企业	1	0	0	停用
prt-2430	グルメエックス（PR TIMES）	PR TIMES企业	1	0	0	停用
prt-183892	株式会社リアルテイスト（PR TIMES）	PR TIMES企业	1	0	0	停用
prt-24955	株式会社丸山珈琲（PR TIMES）	PR TIMES企业	2	0	0	停用
prt-12709	株式会社ファイブグループ（PR TIMES）	PR TIMES企业	2	0	0	停用
prt-150503	株式会社新横浜ラーメン博物館（PR TIMES）	PR TIMES企业	1	0	0	停用
prt-87365	株式会社銚子丸（PR TIMES）	PR TIMES企业	1	0	0	停用
prt-172916	株式会社ピープルズ（PR TIMES）	PR TIMES企业	1	0	0	停用
prt-84098	株式会社ZOT（PR TIMES）	PR TIMES企业	1	0	0	停用
prt-177983	株式会社GOKU（PR TIMES）	PR TIMES企业	1	0	0	停用
prt-60496	株式会社SU-BEE（PR TIMES）	PR TIMES企业	1	0	0	停用
prt-89920	株式会社阪急デリカ（PR TIMES）	PR TIMES企业	3	0	0	停用
prt-55130	株式会社Sfida Fabbrica（PR TIMES）	PR TIMES企业	1	0	0	停用
prt-75032	株式会社サンマルクホールディングス（PR TIMES）	PR TIMES企业	2	0	0	停用
prt-167308	AIフリーコーヒー株式会社（PR TIMES）	PR TIMES企业	1	0	0	停用
prt-84389	株式会社GRACE（PR TIMES）	PR TIMES企业	0	0	0	停用
prt-172277	株式会社 ネオ・エモーション（PR TIMES）	PR TIMES企业	1	0	0	停用
prt-156533	三共食品株式会社（PR TIMES）	PR TIMES企业	1	0	0	停用
prt-107332	株式会社ANCHOR（PR TIMES）	PR TIMES企业	1	0	0	停用
prt-60887	海老専門店「海老乃家」（PR TIMES）	PR TIMES企业	1	0	0	停用
prt-20835	株式会社ダイナック（PR TIMES）	PR TIMES企业	1	0	0	停用
prt-170938	有限会社楽天地（PR TIMES）	PR TIMES企业	1	0	0	停用
prt-123811	株式会社かぶらやグループ（PR TIMES）	PR TIMES企业	1	0	0	停用
prt-80185	株式会社ラブ（PR TIMES）	PR TIMES企业	0	0	0	停用
prt-182379	コーヒーとハンバーグ「Dishers」（PR TIMES）	PR TIMES企业	1	0	0	停用
prt-67066	鈴茂器工（PR TIMES）	PR TIMES企业	1	0	0	停用
prt-189312	株式会社EPG（PR TIMES）	PR TIMES企业	0	0	0	停用
prt-41733	株式会社クオレガ（PR TIMES）	PR TIMES企业	1	0	0	停用
prt-180474	株式会社カカクコム 食べログカンパニー（PR TIMES）	PR TIMES企业	3	0	0	停用
prt-130112	株式会社アールディーシー（PR TIMES）	PR TIMES企业	2	0	0	停用
prt-162292	株式会社リエイ（PR TIMES）	PR TIMES企业	3	0	0	停用
prt-176421	有限会社ナチュラルスマイル（PR TIMES）	PR TIMES企业	4	0	0	停用
prt-51014	株式会社HESTA大倉（PR TIMES）	PR TIMES企业	2	0	0	停用
prt-176999	株式会社 大二郎の小籠包（PR TIMES）	PR TIMES企业	0	0	0	停用
prt-44322	株式会社ピエトロ（PR TIMES）	PR TIMES企业	1	0	0	停用
prt-64328	全日本コーヒー商工組合連合会（PR TIMES）	PR TIMES企业	1	0	0	停用
prt-106971	メーキュー株式会社（PR TIMES）	PR TIMES企业	1	0	0	停用
prt-139583	株式会社LDH kitchen（PR TIMES）	PR TIMES企业	2	0	0	停用
prt-66514	まねき食品株式会社（PR TIMES）	PR TIMES企业	2	0	0	停用
prt-155927	株式会社イコック（PR TIMES）	PR TIMES企业	0	0	0	停用
prt-179600	株式会社WOF（PR TIMES）	PR TIMES企业	0	0	0	停用
prt-23807	株式会社studio092（PR TIMES）	PR TIMES企业	0	0	0	停用
prt-172722	株式会社ベガスベガス（PR TIMES）	PR TIMES企业	1	0	0	停用
prt-31654	株式会社サガミホールディングス（PR TIMES）	PR TIMES企业	0	0	0	停用
prt-95938	株式会社REVIVE（PR TIMES）	PR TIMES企业	0	0	0	停用
prt-164266	株式会社ＫＩＴＴＥＩ（PR TIMES）	PR TIMES企业	1	0	0	停用
prt-26945	株式会社フレッシュネス（PR TIMES）	PR TIMES企业	1	0	0	停用
prt-99943	株式会社理想実業（PR TIMES）	PR TIMES企业	1	0	0	停用
prt-161698	株式会社ハチバン（PR TIMES）	PR TIMES企业	3	0	0	停用
prt-187957	株式会社あったらいいね（PR TIMES）	PR TIMES企业	1	0	0	停用
prt-13768	株式会社ストロベリーコーンズ（PR TIMES）	PR TIMES企业	1	0	0	停用
prt-40315	AFURI株式会社（PR TIMES）	PR TIMES企业	1	0	0	停用
prt-191844	合同会社WILDCARD WORKS（PR TIMES）	PR TIMES企业	1	0	0	停用
prt-85956	株式会社Merci（PR TIMES）	PR TIMES企业	1	0	0	停用
prt-191730	株式会社ｓｅｉｄａｉ（PR TIMES）	PR TIMES企业	1	0	0	停用
prt-181806	株式会社Feast Harbor（PR TIMES）	PR TIMES企业	1	0	0	停用
prt-40710	THE CROSS 株式会社（PR TIMES）	PR TIMES企业	1	0	0	停用
prt-171881	エンタライフ（PR TIMES）	PR TIMES企业	1	0	0	停用
prt-74146	株式会社GREENING（PR TIMES）	PR TIMES企业	3	0	0	停用
prt-37205	株式会社カンリー（PR TIMES）	PR TIMES企业	7	0	0	停用
prt-180540	株式会社B級グルメ研究所（PR TIMES）	PR TIMES企业	0	0	0	停用
prt-34869	株式会社ホスピタリティ&グローイング･ジャパン（PR TIMES）	PR TIMES企业	1	0	0	停用
prt-32163	カフェ・カンパニー株式会社（PR TIMES）	PR TIMES企业	2	0	0	停用
prt-179076	TPS株式会社（PR TIMES）	PR TIMES企业	2	0	0	停用
prt-66749	株式会社Wiaas（PR TIMES）	PR TIMES企业	0	0	0	停用
prt-73105	株式会社ヤプリフードコネクト（PR TIMES）	PR TIMES企业	0	0	0	停用
prt-9197	株式会社イートウイング（PR TIMES）	PR TIMES企业	0	0	0	停用
prt-144523	株式会社Global Access（PR TIMES）	PR TIMES企业	0	0	0	停用
prt-108003	株式会社GALA（PR TIMES）	PR TIMES企业	0	0	0	停用
prt-70820	株式会社ホットパレット（PR TIMES）	PR TIMES企业	0	0	0	停用
prt-100405	株式会社フジランド（PR TIMES）	PR TIMES企业	1	0	0	停用
prt-89740	株式会社BIRCH（PR TIMES）	PR TIMES企业	0	0	0	停用
prt-55277	ユナイテッド＆コレクティブ株式会社（PR TIMES）	PR TIMES企业	0	0	0	停用
prt-27005	猿田彦珈琲株式会社（PR TIMES）	PR TIMES企业	1	0	0	停用
prt-51168	株式会社ブルームダイニングサービス（PR TIMES）	PR TIMES企业	1	0	0	停用
prt-145487	株式会社Ａｃｔ Ｃｏｍｍｕｎｉｔｙ（PR TIMES）	PR TIMES企业	0	0	0	停用
prt-25763	三立化工機株式会社（PR TIMES）	PR TIMES企业	1	0	0	停用
prt-186441	株式会社KISSUI GROUP（PR TIMES）	PR TIMES企业	1	0	0	停用
prt-178899	株式会社富士達（PR TIMES）	PR TIMES企业	2	0	0	停用
prt-172054	株式会社DIC（PR TIMES）	PR TIMES企业	4	0	0	停用
prt-99833	株式会社BOND CREATION（PR TIMES）	PR TIMES企业	0	0	0	停用
prt-28898	株式会社にっぱん（PR TIMES）	PR TIMES企业	0	0	0	停用
prt-42376	株式会社七葉（PR TIMES）	PR TIMES企业	0	0	0	停用
prt-99695	株式会社譚仔日本（PR TIMES）	PR TIMES企业	1	0	0	停用
prt-129232	Mom's Touch & Co.（PR TIMES）	PR TIMES企业	0	0	0	停用
prt-150267	株式会社ハルモニアラボ（PR TIMES）	PR TIMES企业	1	0	0	停用
prt-8893	株式会社イデア（PR TIMES）	PR TIMES企业	0	0	0	停用
prt-20649	株式会社RYコーポレーション（PR TIMES）	PR TIMES企业	0	0	0	停用
prt-14852	株式会社京都勝牛（PR TIMES）	PR TIMES企业	0	0	0	停用
prt-92563	株式会社イートファクトリーホールディングス（PR TIMES）	PR TIMES企业	0	0	0	停用
prt-11808	TRNグループ 店舗流通ネット（PR TIMES）	PR TIMES企业	0	0	0	停用
prt-23564	株式会社TableCheck（PR TIMES）	PR TIMES企业	0	0	0	停用
prt-17849	フードダイバーシティ株式会社（PR TIMES）	PR TIMES企业	1	0	0	停用
prt-16506	株式会社favy（PR TIMES）	PR TIMES企业	0	0	0	停用
prt-29400	株式会社創業新幹線（PR TIMES）	PR TIMES企业	0	0	0	停用
prt-172503	株式会社こじま（PR TIMES）	PR TIMES企业	2	0	0	停用
prt-55201	合同会社Farch（PR TIMES）	PR TIMES企业	0	0	0	停用
prt-73705	株式会社ALL GRACE（PR TIMES）	PR TIMES企业	1	0	0	停用
prt-19286	株式会社タイソンズアンドカンパニー（PR TIMES）	PR TIMES企业	0	0	0	停用
prt-51127	株式会社E-MATE（PR TIMES）	PR TIMES企业	0	0	0	停用
prt-106018	株式会社ディーズプランニング（PR TIMES）	PR TIMES企业	0	0	0	停用
prt-103761	総合近江牛商社（PR TIMES）	PR TIMES企业	0	0	0	停用
prt-173574	株式会社東筑軒（PR TIMES）	PR TIMES企业	4	0	0	停用
prt-26321	株式会社YORKYS ENTERTAINMENT（PR TIMES）	PR TIMES企业	0	0	0	停用
prt-53263	SANKO MARKETING FOODS（PR TIMES）	PR TIMES企业	0	0	0	停用
prt-20469	株式会社スパイスワークスホールディングス（PR TIMES）	PR TIMES企业	1	0	0	停用
prt-129366	株式会社Mostfun（PR TIMES）	PR TIMES企业	1	0	0	停用
prt-136808	株式会社BRISK STAND（PR TIMES）	PR TIMES企业	0	0	0	停用
prt-50078	株式会社東急グルメフロント（PR TIMES）	PR TIMES企业	1	0	0	停用
prt-24845	株式会社キープ・ウィルダイニング（PR TIMES）	PR TIMES企业	2	0	0	停用
prt-10157	際コーポレーション株式会社（PR TIMES）	PR TIMES企业	0	0	0	停用
prt-134673	株式会社DimDimSum Japan（PR TIMES）	PR TIMES企业	1	0	0	停用
prt-75120	株式会社おすすめ屋（PR TIMES）	PR TIMES企业	0	0	0	停用
prt-83143	株式会社CHAVATY R&C（PR TIMES）	PR TIMES企业	1	0	0	停用
prt-43296	INSTYLE GROUP（PR TIMES）	PR TIMES企业	0	0	0	停用
prt-41041	株式会社SENTOEN（PR TIMES）	PR TIMES企业	0	0	0	停用
prt-163534	株式会社ファンインターナショナル（PR TIMES）	PR TIMES企业	0	0	0	停用
prt-126835	東和フードサービス株式会社（PR TIMES）	PR TIMES企业	1	0	0	停用
prt-79479	株式会社梅の花グループ（PR TIMES）	PR TIMES企业	2	0	0	停用
prt-172275	株式会社三味（PR TIMES）	PR TIMES企业	0	0	0	停用
prt-149441	銀座アスター食品株式会社（PR TIMES）	PR TIMES企业	0	0	0	停用
prt-171015	株式会社Food Seed（PR TIMES）	PR TIMES企业	0	0	0	停用
prt-31558	ソルト・コンソーシアム株式会社（PR TIMES）	PR TIMES企业	0	0	0	停用
prt-97330	株式会社ひらまつ（PR TIMES）	PR TIMES企业	1	0	0	停用
prt-181311	株式会社タルガ（PR TIMES）	PR TIMES企业	2	0	0	停用
prt-185769	株式会社ゆで太郎システム（PR TIMES）	PR TIMES企业	0	0	0	停用
prt-28952	株式会社ジャックポットプランニング（PR TIMES）	PR TIMES企业	0	0	0	停用
prt-187728	フードトラベル株式会社（PR TIMES）	PR TIMES企业	0	0	0	停用
prt-90525	株式会社オアシスティーラウンジ（PR TIMES）	PR TIMES企业	1	0	0	停用
prt-171612	株式会社スカイダイニング（PR TIMES）	PR TIMES企业	0	0	0	停用
prt-163231	株式会社Zeal's Planning（PR TIMES）	PR TIMES企业	0	0	0	停用
prt-39422	株式会社クラウドエヌ（PR TIMES）	PR TIMES企业	1	0	0	停用
prt-163437	GINZA沁馥園（PR TIMES）	PR TIMES企业	0	0	0	停用
prt-124459	株式会社 KYコーポレーション（PR TIMES）	PR TIMES企业	1	0	0	停用
prt-172198	株式会社さわやか（PR TIMES）	PR TIMES企业	0	0	0	停用
prt-119128	株式会社サン・ルート（PR TIMES）	PR TIMES企业	0	0	0	停用
prt-176206	株式会社ばん（PR TIMES）	PR TIMES企业	1	0	0	停用
prt-114828	エレクター株式会社（PR TIMES）	PR TIMES企业	2	0	0	停用
prt-101757	株式会社サワライズ（PR TIMES）	PR TIMES企业	0	0	0	停用
prt-97019	株式会社一休（PR TIMES）	PR TIMES企业	0	0	0	停用
prt-182743	江戸ダイニング株式会社（PR TIMES）	PR TIMES企业	0	0	0	停用
prt-188423	タカラデータジャパン株式会社（PR TIMES）	PR TIMES企业	0	0	0	停用
prt-12385	EGGS ‘N THINGS JAPAN株式会社（PR TIMES）	PR TIMES企业	1	0	0	停用
prt-28251	株式会社ジェイ・イシカワ（PR TIMES）	PR TIMES企业	0	0	0	停用
prt-48883	Blue Bottle Coffee Japan合同会社（PR TIMES）	PR TIMES企业	0	0	0	停用
prt-171187	株式会社PLUS（PR TIMES）	PR TIMES企业	0	0	0	停用
prt-115392	リノスぺ株式会社（PR TIMES）	PR TIMES企业	0	0	0	停用
prt-188980	株式会社MONKY MAGIC（PR TIMES）	PR TIMES企业	0	0	0	停用
prt-164511	株式会社みんなの社食（PR TIMES）	PR TIMES企业	1	0	0	停用
prt-92806	株式会社FTF（PR TIMES）	PR TIMES企业	0	0	0	停用
prt-97460	スガキコシステムズ株式会社（PR TIMES）	PR TIMES企业	1	0	0	停用
prt-138935	株式会社はらぺこ（PR TIMES）	PR TIMES企业	0	0	0	停用
prt-161509	麺JAPAN株式会社（PR TIMES）	PR TIMES企业	0	0	0	停用
prt-125063	しゃぶ禅（PR TIMES）	PR TIMES企业	0	0	0	停用
prt-162488	株式会社ネクストグローバルフーズ（PR TIMES）	PR TIMES企业	0	0	0	停用
prt-34783	ジローレストランシステム株式会社（PR TIMES）	PR TIMES企业	0	0	0	停用
prt-142690	株式会社サンマルクグリル（PR TIMES）	PR TIMES企业	0	0	0	停用
prt-131778	株式会社亜門（PR TIMES）	PR TIMES企业	0	0	0	停用
prt-143139	Mr.LAND株式会社（PR TIMES）	PR TIMES企业	0	0	0	停用
prt-102637	株式会社 Global Ocean（PR TIMES）	PR TIMES企业	0	0	0	停用
prt-60253	株式会社アセンティア・ホールディングス（PR TIMES）	PR TIMES企业	0	0	0	停用
prt-2286	株式会社江戸一（PR TIMES）	PR TIMES企业	0	0	0	停用
prt-37550	CRISP（PR TIMES）	PR TIMES企业	1	0	0	停用
prt-101287	株式会社インターナショナル・ダイニング・コーポレーション（PR TIMES）	PR TIMES企业	0	0	0	停用
prt-39919	株式会社ノムノ（PR TIMES）	PR TIMES企业	0	0	0	停用
prt-86797	株式会社Be bloom（PR TIMES）	PR TIMES企业	0	0	0	停用
prt-20379	株式会社ライドオンエクスプレスホールディングス（PR TIMES）	PR TIMES企业	0	0	0	停用
prt-134730	株式会社 HOPE（PR TIMES）	PR TIMES企业	0	0	0	停用
prt-183380	株式会社エスワイフード（PR TIMES）	PR TIMES企业	1	0	0	停用
prt-73553	株式会社そら（PR TIMES）	PR TIMES企业	0	0	0	停用
prt-65701	株式会社コムライン（PR TIMES）	PR TIMES企业	0	0	0	停用
prt-104470	株式会社C-HUNDRED（PR TIMES）	PR TIMES企业	0	0	0	停用
prt-56390	「赤身焼肉のカリスマ 牛恋」運営グループ（PR TIMES）	PR TIMES企业	1	0	0	停用
prt-166896	400℃（PR TIMES）	PR TIMES企业	0	0	0	停用
prt-180760	株式会社シダックスフードサービス（PR TIMES）	PR TIMES企业	0	0	0	停用
prt-163166	株式会社ホイッスル三好（PR TIMES）	PR TIMES企业	0	0	0	停用
prt-179582	株式会社ヴィーナスダイニング（PR TIMES）	PR TIMES企业	0	0	0	停用
prt-14699	グローバルダイニング（PR TIMES）	PR TIMES企业	1	0	0	停用
prt-143495	ハングリィジョーズホットチキンジャパン株式会社（PR TIMES）	PR TIMES企业	0	0	0	停用
prt-116722	有限会社らくちん（PR TIMES）	PR TIMES企业	0	0	0	停用
prt-190465	株式会社アバロンフーズ（PR TIMES）	PR TIMES企业	0	0	0	停用
prt-18848	株式会社 WithGreen（PR TIMES）	PR TIMES企业	0	0	0	停用
prt-73406	株式会社IOBI（PR TIMES）	PR TIMES企业	1	0	0	停用
prt-131985	株式会社鎌倉パスタ（PR TIMES）	PR TIMES企业	0	0	0	停用
prt-10925	株式会社エクシオジャパン（PR TIMES）	PR TIMES企业	0	0	0	停用
prt-79981	三笠会館（PR TIMES）	PR TIMES企业	0	0	0	停用
prt-168234	元祖博多めんたい重株式会社（PR TIMES）	PR TIMES企业	0	0	0	停用
prt-173793	株式会社絶好調（PR TIMES）	PR TIMES企业	0	0	0	停用
prt-38562	ハピタ株式会社（PR TIMES）	PR TIMES企业	0	0	0	停用
prt-55652	株式会社リング（PR TIMES）	PR TIMES企业	0	0	0	停用
prt-166113	海鮮特急レーン 寿司じじや（PR TIMES）	PR TIMES企业	0	0	0	停用
prt-186963	熟成肉レストラン肉だけ（PR TIMES）	PR TIMES企业	0	0	0	停用
prt-188003	株式会社ＪＭコーヒージャパン（PR TIMES）	PR TIMES企业	0	0	0	停用
prt-160522	ラ・メゾン・ホスピタリテ株式会社（PR TIMES）	PR TIMES企业	0	0	0	停用
prt-189878	催事ジャパン株式会社（PR TIMES）	PR TIMES企业	0	0	0	停用
prt-44163	株式会社PleasantPlace（PR TIMES）	PR TIMES企业	0	0	0	停用
prt-168511	株式会社サッポロ実業（PR TIMES）	PR TIMES企业	0	0	0	停用
pp-42829	Zentralverband des Deutschen Bäckerhandwerks e.V.（presseportal）	presseportal	1	0	1	停用
pp-52942	McDonald's Deutschland（presseportal）	presseportal	1	0	1	停用
pp-165632	Lightspeed POS Germany GmbH（presseportal）	presseportal	1	0	1	停用
pp-178994	BdS Bundesverband der Systemgastronomie e.V.（presseportal）	presseportal	2	0	1	停用
pp-29070	Compass Group Deutschland GmbH（presseportal）	presseportal	0	0	0	停用
pp-69466	BURGER KING Deutschland GmbH（presseportal）	presseportal	0	0	0	停用
pp-121522	METRO AG（presseportal）	presseportal	0	0	0	停用
pp-137942	Too Good To Go GmbH（presseportal）	presseportal	0	0	0	停用
pp-181288	FR L'Osteria SE（presseportal）	presseportal	0	0	0	停用
pp-181298	Flexvelop（presseportal）	presseportal	0	0	0	停用
pp-181706	Die FranchiseMacher GmbH（presseportal）	presseportal	0	0	0	停用
