id	名称	两周标题数	必看	可看	结果
pod-jp-inshoku-ai-radio	飲食店のAI活用ラジオ（播客）	14	5	5	留下
rss-ristorazione-italiana	Ristorazione Italiana Magazine（意大利）	13	4	2	留下
pod-horeca-audio-news-le-pillole-quotidiane	HORECA AUDIO NEWS - Le pillole quotidiane（播客）	52	3	14	留下
web-canyin88-zixun	红餐网 · 资讯（中国）	18	3	7	留下
web-canyin88-zhuanlan	红餐网 · 专栏	15	2	9	留下
pod-restaurant-strategy	RESTAURANT STRATEGY（播客）	4	2	2	留下
rss-italia-a-tavola	Italia a Tavola	24	1	4	留下
pod-cn-kaidian-biji	开店笔记 ▎一店顶十店·小而美·极致单店（播客）	13	1	3	留下
web-canyin88-hongchu	红餐网 · 红厨	4	1	2	留下
rss-foodnews-kr	식품저널（韩国，食品与外食产业）	50	1	2	留下
rss-barista-magazine	Barista Magazine（咖啡馆经营）	10	1	1	留下
pod-total-food-service	Total Food Service（播客）	2	1	1	留下
pod-the-bar-business-podcast-bar-pub-owner-p	The Bar Business Podcast: Bar & Pub Owner Profits, Marketing & Operations（播客）	2	1	1	留下
pod-the-build-restuarant-201	The Build: Restuarant 201（播客）	2	1	1	留下
rss-hospitality-au	Hospitality（澳洲）	7	1	0	留下
pod-hospitality-talks	Hospitality Talks（播客）	1	1	0	留下
pod-restaurant-reset	Restaurant Reset（播客）	1	1	0	留下
pod-a-la-carte-par-fooddy-le-podcast-qui-par	A LA CARTE par Fooddy, le podcast qui parle aux restaurateurs. Ici on parle de création & développement, de marketing & man（播客）	1	1	0	留下
pod-tw-renren-canyin	人人品牌 · 餐飲經營筆記（播客）	1	1	0	留下
pod-der-gastro-podcast	DER GASTRO PODCAST（播客）	1	1	0	留下
pod-fettgespraeche	Fettgespräche - Der Gastro-Podcast（播客）	1	1	0	留下
pod-restaurant-wealth	Restaurant Wealth Podcast（播客）	1	1	0	留下
pod-restaurant-growth-accelerator	Restaurant Growth Accelerator: More Profit, More Locations, And More Time With Your Family（播客）	1	1	0	留下
rss-qsrmedia-au	QSR Media（澳洲与英国，快餐与连锁）	50	0	7	留下
rss-foodrink	フードリンクニュース（日本，外食业）	32	0	6	留下
web-qsrmedia-asia	QSR Media Asia	13	0	4	留下
rss-marginedge	MarginEdge	4	0	4	留下
rss-fsr	FSR Magazine	4	0	3	留下
rss-totalfood	Total Food Service	6	0	3	留下
rss-foodbank-kr	식품외식경제（韩国）	50	0	3	留下
rss-fipe	FIPE	10	0	3	留下
rss-fresh-cup	Fresh Cup	10	0	3	留下
rss-horecanews-it	Horecanews	37	0	3	留下
rss-hospitality-ireland	Hospitality Ireland	31	0	3	留下
pod-the-ristoratori	The Ristoratori（播客）	3	0	3	留下
rss-daily-coffee-news	Daily Coffee News	10	0	2	留下
rss-ahresp	AHRESP	6	0	2	留下
rss-bargiornale	Bargiornale	30	0	2	留下
rss-gast-at	Gast	5	0	2	留下
pod-horeca-channel-italia	HORECA CHANNEL ITALIA 🇮🇹（播客）	8	0	2	留下
pod-the-restaurant-technology-guys-podcast-b	The Restaurant Technology Guys Podcast brought to you by Custom Business Solutions（播客）	2	0	2	留下
pod-strategic-business-growth-systems-restau	Strategic Business Growth Systems: Restaurant Edition（播客）	2	0	2	留下
pod-marketing-morsels-for-restaurants	Marketing Morsels for Restaurants（播客）	2	0	2	留下
pod-qsr-uncut	QSR Uncut（播客）	2	0	2	留下
pod-jp-omise-radio-smaregi	お店ラジオ2 supported by スマレジ（播客）	2	0	2	留下
prt-141863	株式会社ExpreTech（PR TIMES）	3	0	2	留下
pod-jp-gaishoku-saizensen	10分解説 話題の外食最前線（播客）	3	0	1	停用
rss-gnw-restaurants	GlobeNewswire · Restaurants & Bars	20	0	1	停用
rss-sivarious	Sivarious	10	0	1	停用
prt-royal	ロイヤルホールディングス株式会社（PR TIMES）	4	0	0	停用
rss-arca	Australian Restaurant & Cafe Association	8	0	0	停用
nr-jollibee	Jollibee Group	4	0	0	停用
pod-restaurant-finance-podcast	The Restaurant Finance Podcast（播客）	0	0	0	留下（10/2 傍晚才加或本机测不出，没有两周标题）
web-canyin88-kuaixun	红餐网 · 快讯	3	0	0	停用
blog-eats365	Eats365 餐厅经营指南（香港收银系统商，写亚太与北美）	0	0	0	留下（10/2 傍晚才加或本机测不出，没有两周标题）
rss-hospitality-nz	Hospitality Business（新西兰）	0	0	0	留下（10/2 傍晚才加或本机测不出，没有两周标题）
rss-ristorando	Ristorando（意大利，餐饮企业经营）	0	0	0	留下（10/2 傍晚才加或本机测不出，没有两周标题）
