id	judgement	note	title
24856	N	泛创业访谈，只是在咖啡店录	Background Noise
3536333	N	闲聊	At the Bar
3492233	N	餐饮集团员工的自我介绍，不谈经营	DRIFTING
501215	N	婚礼行业	Wedding Pro CEO | Building Profitable Wedding Businesses
3659795	N	酒店用品商的广告	Tips & Tricks For Hotel Supply - Hospitality Supplies by AGH
7099763	N	食谱	The Joy of Cooking Podcast
5050180	N	家用咖啡	Home Barista Podcast
2578718	N	食谱	This Week for Dinner
7010265	N	写给食客的餐厅评论	Le Podcast du Cuisinomane - Critique restaurant et tuyaux bo
2503293	N	闲聊	Ham & Egg
533175	N	个人理财	AnUnfairEdge
7042466	N	夫妻闲聊	Love You To The Core
6457731	N	酒店业	Never Checkout
1375933	Y	保加利亚餐饮业者的行业节目	Kitchen Undrgrnd
6595149	N	泛营销	The Marketing Club | Roadmap to Success For Coaches & Entrep
7022846	N	美食	The Gourmet Chat
3404499	N	音乐人访谈	Southern Hospitality
169895	?	厨师主持的行业闲谈，写给谁听分不出来	Food Talk with Mike Colameco
183235	N	葡萄酒	Wine Cast with State of the Vine
3518559	N	酒店营销	Hotelrezepte | Marketing-Inspirationen für Hoteliers
404329	N	泛访谈	HAC Chats
1471191	N	餐厅老板主持，但谈的是吃	The Bite Goes On - Radio Misfits
5913500	N	开胃酒回忆	#myworld
3474118	N	电子音乐	The Integrity Audio electronic music, nightlife, music produ
6657517	N	咖啡店探店	Coffee Shop Diaries
3463712	?	咖啡店老板主持，嘉宾有同业也有熟客	UNACVLTERATED: The Simple Merchant Coffee Podcast
3719704	N	食品分销商的一场直播	TalkSanna 02: Desafios da cadeia de suprimentos alimentares 
115231	N	泛访谈	Just So We're Clear
5627254	N	DJ	Napo
1168772	N	在家调酒	The Budget Bartender
384379	N	闲聊	My Brother's Kitchen Podcast
6043993	?	酒店餐饮业的女性职业发展，是不是餐饮分不出来	Hospitality LeadHERship
5195559	N	美食	Food for Thought
2434958	N	文物修复（restaurateur 是修复师）	institut national du patrimoine
6510392	Y	酒馆集团经营者，但只有 1 集、像宣传	Patrick Coughlan - Most Successful Businessman In Hospitalit
6656642	N	厨师、侍酒师谈职业感受，偏手艺	Bol d'air par Tanguy Spots
790647	N	美食	Food with Sauces Best
227780	N	社区访谈	Blok by Blok Chicago
114137	N	学生作业	Irina’s favorite restaurant
5977595	Y	休斯敦酒吧业者的节目	Double Cup Capital
321683	N	投资	AskMinAnHowTo Audio Experience
6244593	?	访问餐饮业者和店主，也谈吃喝	Tea With Tahlia
3379928	N	励志	Welcome To Results Hacking!
6058222	N	美食摄影师的杂谈	The Chef Says
3744481	?	印尼咖啡产业，从种植到门店	LUDEN
6313354	N	夫妻闲聊	Nix Don’t Quit
7906731	Y	餐厅老板主持，讲经营者的故事	Staying Open
7682579	N	个人戒酒经历	The Functional Cantina
323409	N	包装食品和零售	Beyond the Shelf
80359	N	饮食文化	Eat Drink Asia
7993782	N	调酒史	HISTORIA DE LOS BARTENDERS
5450908	N	咖啡店自己的宣传	Cactus Coffee Shop
869791	Y	迈阿密厨师兼老板谈餐厅和创业	Pan Con Podcast
5236319	N	本地美食	The Dine One Six
7421931	N	泛领导力	Beyond the Pattern: Life and Leadership Unlocked!
6678866	?	写给餐饮从业者，0 集，内容分不出来	Hospitality Chat
3554044	N	食谱	sunameri’s natural recipes
7639447	N	调酒师聊当班，员工视角	Talk Shifty to Me
6668768	N	女性励志	Secret conversations Podcast
3659343	N	隔油池服务商广告	Austin Grease Trap Services
3684194	Y	烧烤店老板讲开店和生意	Beyond the Smoke with Thomas Ward
5734746	N	酒吧老板讲啤酒风格	Разговоры про пиво
7632150	N	足球	FRIULIGOL - “Sinergia e passione: il calcio regionale visto 
7773125	N	食品生产者和厨师	Love NI Food Podcast
582166	N	泛创业	It's Five O'clock Somewhere Podcast
6285174	N	酒店住宿	Fremde Betten
7102969	Y	写给酒店餐饮从业者，谈行业里的职业	No secrets in the kitchen🤫 by Cookorico.com
5704748	?	餐饮员工的故事，以搞笑为主	The Forgotten Ranch
7628276	Y	写给餐厅经营者	Restaurant Technology & Operations Insights
6074894	?	介绍本地餐饮业者、商家和生产者，偏美食	Chiemgau kulinarisch - Der Food-Podcast aus dem Voralpenland
7918021	N	素食旅行	Healthy Voyager Radio
6247424	N	酒类行业新闻	Прожектор RATINGTELLING
618271	N	个人日记	My journey
1220935	N	音乐	The best Of Drum And Bass Of 2019-2020 Mixed Live With DJ Su
1923354	N	健康	Life Uplifted
5663970	N	地方生活	Deep Creek Lake Live
6035600	Y	酒吧、咖啡馆、餐厅店长谈管理	Полная посадка
971821	N	旅游业	Early Podcast
5775935	?	写给酒店、餐厅、食堂经营者的可持续做法	Mit nachhaltigen Gastgebenden Hand in Hand
6215416	N	语言练习	HACER UN PEDIDO A UNA PIZZERÍA
7448788	N	本地吃喝指南	Roseville's Treasures Podcast
7570077	Y	两位开店八年的主播访问开店赚钱和亏钱的人	收摊时刻
394214	Y	推车饮料生意，按标题判，只有 3 集	Tips Bisnis Minuman Gerobak
1291549	N	从业者闲聊吃喝	Hosbrutality: Wines, Eats, Beers and Bars
7196492	Y	酒店和餐厅开业的经过，经营者在讲	Premier service
168428	N	时尚	Moda con Lily
1180575	N	场馆科技	The Playbook
647253	Y	点餐软件公司讲餐厅的做法	Restaurantes 4.0
6084955	Y	流动酒吧生意的经过	Bartending To Branding & Everything -N- Between w/ SB The Br
1271581	N	科技	The Girls in Tech Podcast
6747797	Y	餐饮供应方写给餐饮经营者的趋势	Culinary 360 Podcast
3427172	N	淘宝开店	2026淘宝开店|从零到爆单的运营教程
6222061	Y	厨师出身的创办人访问餐饮创业者	The meez Podcast
6023798	N	地方商家	The Straight Up Eagan Podcast
1042245	Y	俄勒冈餐饮住宿协会	Boiled Down
238244	Y	墨尔本餐饮经营者访谈	This Podcast Is Designed To Share
201879	N	非洲创业	Inside the C-Suite
3392493	Y	酒吧行业人士的访谈	Hey! Bartender
6719940	N	美食美酒	Somming in the Desert: Appreciating Arizona's Food and Wine 
3074416	?	尼日利亚食品创业者、厨师、博主，偏饮食文化	Nigerian Food Network
6979826	Y	瑞士餐饮协会主席走访餐饮店	GastroBaselland unterwegs...
7496168	N	创作者访谈	The Locals
7006877	N	蛋糕店广告	LÉLE Bakery
6877559	?	餐饮业者讲趣事，是不是谈经营分不出来	Kinabongen
7779290	Y	披萨店老板访问同业	A Seat at the Table with Saverio & Emily
423814	N	泛创业	Radio Lanza
6839923	Y	餐厅营销	Restaurant Rocket Fuel
6716720	N	街区介绍	Heartbeat of the City a West Queen West Podcast - EP 1 Pilot
7296642	N	广播剧	L'universo, i biscotti e altre cose che si espandono
5995822	N	新闻	PRI's The World Feb 1, 2013
3561906	Y	食品和餐饮创业者访谈	Coup de Food
7317055	N	酒类品牌	Market Plate
181372	N	调酒师吐槽	Bartender on the Run
3072824	N	农场	PKKP
3483916	Y	写给餐厅老板	Your Life and Restaurant
6890927	Y	餐厅的线上生意	Str8 Talk
968480	Y	快餐加盟商的营销，只有 1 集	Literally Marketing
4509174	N	有声书	History of England, Volume 1, Chapter 3 by Thomas Babington 
639997	N	杂谈	Campos do Jordão - Condado Matarazzo
7033769	N	服务业	Quick Business Tips - Growth for People Who Run Service Busi
7842994	N	女性励志	Layered Love Universe
641431	N	地方商家	Your Cheshire
6239221	N	啦啦队生意	The Cheer Biz Podcast
4342770	Y	写给咖啡店老板和咖啡师	Escobar Latte Art Service Podcast
297220	N	生鲜食品业	Jim Prevor's Perishable Pundit Podcast
7319444	Y	拉面店老板讲经营	深夜2時の経営会議〜オルニの裏話ラジオ 〜
7171204	N	自然酒	Raisin : vin naturel et gastronomie
7620346	N	本地吃喝指南	Austin Bizbuzz
7244822	Y	餐饮创办人访谈	GastroCast - Geschichten echter Macher
2673621	N	一集，解释什么是外烩	Servicio Catering
3554916	N	个人闲聊	Victoria’s View
3234767	N	演出音响（front of house）	Pooch & Rabold
5819217	N	桌游	ゆにのボードゲームポッドキャスト
7636757	?	烧烤店老板主持，访的是各行业的人	Digital Hospitality
7058007	?	酒店餐饮业的行业议题，是不是餐饮分不出来	Prosper Brief
5906767	N	悬疑	Mysteries At The Coffee Shop
3854413	N	闲聊	Udon Even Know
3801405	Y	餐饮生意要有计划书，只有 1 集	Pentingnya Bisnis Plan
7296251	Y	波多黎各餐厅业协会	Desde la Cocina de ASORE
7355406	N	喜剧	The real house of comedy
7051009	N	名人访谈	ER HIER & IHMSEN
7899497	N	写给食客	Taste the City
7992643	N	地方人物	The Wānaka Edit
4478979	Y	咖啡烘焙商创办人谈咖啡生意	Buy the Drip - Coffee and Business
3377547	N	旅行	The Slow Road Podcast
1386740	N	喜剧	Digital Orbit Ent presents The D.O.E. Show
7845782	N	葡萄酒	PREMIER CRU Podcast
2945803	N	没有内容	City of Sausalito, CA: Hospitality Business Development Comm
616179	N	面包店广告	Emeli panadería
7145870	N	个人宣传	Ming Shan Zhu
3576119	N	旅游业	El Podcast de la industria de la hospitalidad by Travelecto.
7162823	Y	蛋糕生意	Slice of Success: Cake Business Talk
8003289	N	韩流	82.insider
7955515	?	一个咖啡连锁品牌的生意分析，只有 1 集	7 Brew - An Unbelievable Story
6385624	N	生活方式	The Nomad Barista
7988498	N	房车生活	The Van Table
7863003	?	瑞典旅游餐饮业的 AI，是不是餐饮分不出来	Gästen Först
8055463	N	个人日记	29歳、私このままでいいのかな？
1170157	N	没有内容	mj bakery
7077787	N	乡村音乐	Honky Tonk World
3649891	?	访问本地餐厅老板，像是写给食客	Let’s Get Savory
3520631	N	个人日志	生活胶囊馆 Moment Capsule Gallery
6382288	N	泛营销	Ian Garlic
854020	N	饮食文化	Not Just Dhansak
101537	N	营销公司	Digital Agency Insiders
2152308	N	时令菜	Cocina de temporada
28341	Y	麦德林餐饮业	Meeting Buds Podcast
109349	N	酒类行业	Drinks with Hebe
682507	N	写给食客的餐厅节目	Mike Boyle Restaurant Show Podcast
2001870	N	音乐	Afro Rebel Music
860022	Y	英国酒吧餐饮渠道的从业者	SipAdvisor by Imbibe
7471387	Y	写给餐厅老板	Your Favorite DISH
6268451	N	食品生产	Food Chat
1169612	Y	酒吧和餐厅老板访谈	Bar Diaries with Jason Littrell
7453671	N	外烩公司广告	Canapes USA
4538821	N	咖啡文化	fiery coffee 深夜咖啡館
732912	Y	餐厅老板之间的经营经验	Podcast para Restauranteros
1085406	N	杂项电台	La Octava Red
187953	N	精酿啤酒	Telecraft Beer
7519711	Y	披萨餐车的生意	Trailer Talk
7610627	Y	写给餐厅经营者	Restaurant Reset
2493637	N	查经	Coffee Shop Bible Study
1002047	N	没有内容	Waybread Bakery
3068022	?	写给厨师，谈心理健康和待遇	Conscious Chefs
1100821	Y	餐厅技术	The Restaurant Technology Guys Podcast brought to you by Cus
5602228	Y	开餐车	No Jive Turkey Podcast
7628849	?	生意和餐饮，简介只有一句	Raising Spirits
6875907	Y	厨师谈餐饮背后的生意	Beyond the Bite with Robbie Jester
7683565	?	写给餐饮业的调酒节目	Cocktail Classified
5022756	?	厨师谈餐饮业，也谈吃和旅行	Jolly Good Foodcast
7290344	N	食品分销商协会	Crave - The IFDA Podcast
8020707	N	餐饮员工的故事	The Grease and Gossip Podcast
1466799	N	足球	EL FARO
820109	Y	亚裔餐厅老板的经过	ChowChops
779746	?	没有简介	Back of House
7850173	N	短租民宿	The Global Hospitality Collective
3023234	?	饮料行业的职业和调酒文化	Bar Talk Radio
1687915	N	饮食文化	Eat Drink Asia
4769715	N	名人访谈	The Donna Drake Show
7465743	?	厨师兼外烩公司老板的个人节目	Burnt Water
